{"$schema":"http://schema.management.azure.com/schemas/2015-01-01/deploymentTemplate.json#","contentVersion":"1.0.0.0","parameters":{"azuresqlserver_control_db":{"type":"string"},"FabricDataPipelines user1":{"type":"string"}},"variables":{},"resources":[{"name":"02_pl_etl_bronze","type":"pipelines","apiVersion":"2018-06-01","properties":{"activities":[{"name":"Get tables","type":"Lookup","dependsOn":[],"policy":{"timeout":"0.12:00:00","retry":0,"retryIntervalInSeconds":30,"secureOutput":false,"secureInput":false},"typeProperties":{"source":{"type":"AzureSqlSource","sqlReaderStoredProcedureName":"dbo.usp_list_tables_project","storedProcedureParameters":{"project_id":{"type":"Int32","value":{"value":"@pipeline().parameters.in_parameter_project_id","type":"Expression"}}},"queryTimeout":"02:00:00","partitionOption":"None"},"firstRowOnly":false,"datasetSettings":{"annotations":[],"type":"AzureSqlTable","schema":[],"typeProperties":{"database":"control_db"},"externalReferences":{"connection":"[parameters('azuresqlserver_control_db')]"}}}},{"name":"ForEach tables","type":"ForEach","dependsOn":[{"activity":"Get tables","dependencyConditions":["Succeeded"]}],"typeProperties":{"items":{"value":"@activity('Get tables').output.value","type":"Expression"},"batchCount":2,"activities":[{"name":"is fact table","type":"IfCondition","dependsOn":[],"typeProperties":{"expression":{"value":"@equals(item().is_fact_table, true)","type":"Expression"},"ifFalseActivities":[{"name":"Pipeline bronze process - dimension","type":"InvokePipeline","dependsOn":[],"policy":{"timeout":"0.12:00:00","retry":0,"retryIntervalInSeconds":30,"secureOutput":false,"secureInput":false},"typeProperties":{"waitOnCompletion":true,"operationType":"InvokeFabricPipeline","pipelineId":"26653d35-9633-4b8c-ba9f-94ed0ca1e318","workspaceId":"c79d588e-f4a9-449a-b165-11944c320e41","parameters":{"in_parameter_run_id":{"value":"@pipeline().parameters.in_parameter_run_id","type":"Expression"},"in_parameter_process_date":{"value":"@pipeline().parameters.in_parameter_process_date","type":"Expression"},"in_parameter_project_id":{"value":"@pipeline().parameters.in_parameter_project_id","type":"Expression"},"in_parameter_table_name":{"value":"@item().table_name","type":"Expression"},"in_parameter_columns":{"value":"@item().column_names","type":"Expression"}}},"externalReferences":{"connection":"[parameters('FabricDataPipelines user1')]"}}],"ifTrueActivities":[{"name":"Pipeline bronze process - fact","type":"InvokePipeline","dependsOn":[],"policy":{"timeout":"0.12:00:00","retry":0,"retryIntervalInSeconds":30,"secureOutput":false,"secureInput":false},"typeProperties":{"waitOnCompletion":true,"operationType":"InvokeFabricPipeline","pipelineId":"f3525f3b-d9ed-446d-8a66-ebb277d26d1c","workspaceId":"c79d588e-f4a9-449a-b165-11944c320e41","parameters":{"in_parameter_run_id":{"value":"@pipeline().parameters.in_parameter_run_id","type":"Expression"},"in_parameter_process_date":{"value":"@pipeline().parameters.in_parameter_process_date","type":"Expression"},"in_parameter_project_id":{"value":"@pipeline().parameters.in_parameter_project_id","type":"Expression"},"in_parameter_table_name":{"value":"@item().table_name","type":"Expression"},"in_parameter_columns":{"value":"@item().column_names","type":"Expression"},"in_parameter_table_id":{"value":"@item().id","type":"Expression"}}},"externalReferences":{"connection":"[parameters('FabricDataPipelines user1')]"}}]}}]}}],"parameters":{"in_parameter_run_id":{"type":"int"},"in_parameter_process_date":{"type":"string"},"in_parameter_project_id":{"type":"int"}},"variables":{"v_end_count":{"type":"Integer","defaultValue":0}},"lastModifiedByObjectId":"6c3a777b-e7a5-4045-9fd9-ef279f885972","lastPublishTime":"2026-01-04T02:59:38Z"},"dependsOn":[]},{"name":"02_pl_etl_bronze_dimension_table","type":"pipelines","apiVersion":"2018-06-01","properties":{"activities":[{"name":"Start sub process","type":"SqlServerStoredProcedure","dependsOn":[],"policy":{"timeout":"0.12:00:00","retry":0,"retryIntervalInSeconds":30,"secureOutput":false,"secureInput":false},"typeProperties":{"storedProcedureName":"dbo.usp_start_sub_run","database":"control_db","storedProcedureParameters":{"run_id":{"value":{"value":"@pipeline().parameters.in_parameter_run_id","type":"Expression"},"type":"Int32"},"layer":{"value":{"value":"@concat('BRONZE DIMENSION DATA - ', pipeline().parameters.in_parameter_table_name)","type":"Expression"},"type":"String"},"start_count":{"value":"0","type":"Int32"}}},"externalReferences":{"connection":"[parameters('azuresqlserver_control_db')]"}},{"name":"End sub process","type":"SqlServerStoredProcedure","dependsOn":[{"activity":"Notebook bronze layer","dependencyConditions":["Succeeded"]}],"policy":{"timeout":"0.12:00:00","retry":0,"retryIntervalInSeconds":30,"secureOutput":false,"secureInput":false},"typeProperties":{"storedProcedureName":"dbo.usp_end_sub_run","database":"control_db","storedProcedureParameters":{"run_id":{"value":{"value":"@pipeline().parameters.in_parameter_run_id","type":"Expression"},"type":"Int32"},"layer":{"value":{"value":"@concat('BRONZE DIMENSION DATA - ', pipeline().parameters.in_parameter_table_name)","type":"Expression"},"type":"String"},"end_count":{"value":{"value":"@int(activity('Notebook bronze layer').output.result.exitValue)","type":"Expression"},"type":"Int32"}}},"externalReferences":{"connection":"[parameters('azuresqlserver_control_db')]"}},{"name":"Notebook bronze layer","type":"TridentNotebook","dependsOn":[{"activity":"Start sub process","dependencyConditions":["Succeeded"]}],"policy":{"timeout":"0.12:00:00","retry":0,"retryIntervalInSeconds":30,"secureOutput":false,"secureInput":false},"typeProperties":{"notebookId":"82ee44f0-d7cc-48b4-af7f-f4008669807c","workspaceId":"c79d588e-f4a9-449a-b165-11944c320e41","parameters":{"in_parameter_run_id":{"value":{"value":"@pipeline().parameters.in_parameter_run_id","type":"Expression"},"type":"int"},"in_parameter_process_date":{"value":{"value":"@pipeline().parameters.in_parameter_process_date","type":"Expression"},"type":"string"},"in_parameter_table_name":{"value":{"value":"@pipeline().parameters.in_parameter_table_name","type":"Expression"},"type":"string"},"in_parameter_columns":{"value":{"value":"@pipeline().parameters.in_parameter_columns","type":"Expression"},"type":"string"}}}}],"parameters":{"in_parameter_run_id":{"type":"int"},"in_parameter_process_date":{"type":"string"},"in_parameter_project_id":{"type":"int"},"in_parameter_table_name":{"type":"string"},"in_parameter_columns":{"type":"string"}},"lastModifiedByObjectId":"6c3a777b-e7a5-4045-9fd9-ef279f885972","lastPublishTime":"2026-01-04T23:38:32Z"},"dependsOn":[]},{"name":"02_pl_etl_bronze_fact_table","type":"pipelines","apiVersion":"2018-06-01","properties":{"activities":[{"name":"Get year partitions","type":"Lookup","dependsOn":[],"policy":{"timeout":"0.12:00:00","retry":0,"retryIntervalInSeconds":30,"secureOutput":false,"secureInput":false},"typeProperties":{"source":{"type":"AzureSqlSource","sqlReaderStoredProcedureName":"dbo.usp_list_years_fact_table_to_process","storedProcedureParameters":{"table_id":{"type":"Int32","value":{"value":"@pipeline().parameters.in_parameter_table_id","type":"Expression"}}},"queryTimeout":"02:00:00","partitionOption":"None"},"firstRowOnly":false,"datasetSettings":{"annotations":[],"type":"AzureSqlTable","schema":[],"typeProperties":{"database":"control_db"},"externalReferences":{"connection":"[parameters('azuresqlserver_control_db')]"}}}},{"name":"ForEach partition","type":"ForEach","dependsOn":[{"activity":"Get year partitions","dependencyConditions":["Succeeded"]}],"typeProperties":{"items":{"value":"@activity('Get year partitions').output.value","type":"Expression"},"isSequential":true,"activities":[{"name":"Notebook bronze layer","type":"TridentNotebook","dependsOn":[{"activity":"Start sub process","dependencyConditions":["Succeeded"]}],"policy":{"timeout":"0.12:00:00","retry":0,"retryIntervalInSeconds":30,"secureOutput":false,"secureInput":false},"typeProperties":{"notebookId":"6299da4f-4098-4861-8e32-99716aac8429","workspaceId":"c79d588e-f4a9-449a-b165-11944c320e41","parameters":{"in_parameter_run_id":{"value":{"value":"@pipeline().parameters.in_parameter_run_id","type":"Expression"},"type":"int"},"in_parameter_process_date":{"value":{"value":"@pipeline().parameters.in_parameter_process_date","type":"Expression"},"type":"string"},"in_parameter_table_name":{"value":{"value":"@pipeline().parameters.in_parameter_table_name","type":"Expression"},"type":"string"},"in_parameter_columns":{"value":{"value":"@pipeline().parameters.in_parameter_columns","type":"Expression"},"type":"string"},"in_parameter_year":{"value":{"value":"@item().year","type":"Expression"},"type":"int"}}}},{"name":"Start sub process","type":"SqlServerStoredProcedure","dependsOn":[],"policy":{"timeout":"0.12:00:00","retry":0,"retryIntervalInSeconds":30,"secureOutput":false,"secureInput":false},"typeProperties":{"storedProcedureName":"dbo.usp_start_sub_run","database":"control_db","storedProcedureParameters":{"run_id":{"value":{"value":"@pipeline().parameters.in_parameter_run_id","type":"Expression"},"type":"Int32"},"layer":{"value":{"value":"@concat('BRONZE FACT DATA - ', pipeline().parameters.in_parameter_table_name, ' - YEAR: ', string(item().year))","type":"Expression"},"type":"String"},"start_count":{"value":"0","type":"Int32"}}},"externalReferences":{"connection":"[parameters('azuresqlserver_control_db')]"}},{"name":"End sub process","type":"SqlServerStoredProcedure","dependsOn":[{"activity":"Notebook bronze layer","dependencyConditions":["Succeeded"]}],"policy":{"timeout":"0.12:00:00","retry":0,"retryIntervalInSeconds":30,"secureOutput":false,"secureInput":false},"typeProperties":{"storedProcedureName":"dbo.usp_end_sub_run","database":"control_db","storedProcedureParameters":{"run_id":{"value":{"value":"@pipeline().parameters.in_parameter_run_id","type":"Expression"},"type":"Int32"},"layer":{"value":{"value":"@concat('BRONZE FACT DATA - ', pipeline().parameters.in_parameter_table_name, ' - YEAR: ', string(item().year))","type":"Expression"},"type":"String"},"end_count":{"value":{"value":"@int(activity('Notebook bronze layer').output.result.exitValue)","type":"Expression"},"type":"Int32"}}},"externalReferences":{"connection":"[parameters('azuresqlserver_control_db')]"}}]}}],"parameters":{"in_parameter_run_id":{"type":"int"},"in_parameter_process_date":{"type":"string"},"in_parameter_project_id":{"type":"int"},"in_parameter_table_name":{"type":"string"},"in_parameter_columns":{"type":"string"},"in_parameter_table_id":{"type":"int"}},"lastModifiedByObjectId":"6c3a777b-e7a5-4045-9fd9-ef279f885972","lastPublishTime":"2026-01-05T17:09:38Z"},"dependsOn":[]}]}