{
    "name": "AzureSql_control_db",
    "properties": {
        "annotations": [],
        "type": "AzureSqlDatabase",
        "typeProperties": {
            "server": "sqlserverprojects.database.windows.net",
            "database": "control_db",
            "encrypt": "mandatory",
            "trustServerCertificate": true,
            "authenticationType": "SQL",
            "userName": "WilderSQL",
            "password": {
                "type": "AzureKeyVaultSecret",
                "store": {
                    "referenceName": "keyvault_projects",
                    "type": "LinkedServiceReference"
                },
                "secretName": "on-premise-user-WilderSQL"
            }
        },
        "connectVia": {
            "referenceName": "AutoResolveIntegrationRuntime",
            "type": "IntegrationRuntimeReference"
        }
    },
    "type": "Microsoft.Synapse/workspaces/linkedservices"
}