{
    "name": "ds_azure_sql",
    "properties": {
        "linkedServiceName": {
            "referenceName": "AzureSql_control_db",
            "type": "LinkedServiceReference"
        },
        "parameters": {
            "pr_in_table_name": {
                "type": "string"
            },
            "pr_in_schema_name": {
                "type": "string"
            }
        },
        "annotations": [],
        "type": "AzureSqlTable",
        "schema": [],
        "typeProperties": {
            "schema": {
                "value": "@dataset().pr_in_schema_name",
                "type": "Expression"
            },
            "table": {
                "value": "@dataset().pr_in_table_name",
                "type": "Expression"
            }
        }
    },
    "type": "Microsoft.Synapse/workspaces/datasets"
}