{
    "now": "2026-01-06T22:06:57.298Z",
    "perfNow": 352806.7999997139,
    "diagnosticCorrelation": "7e032ea0-6291-4fc3-8e3a-dcec4ae2551a",
    "source": "DownloadSupportFiles",
    "environment": {
        "productName": "a365",
        "buildVersion": "25.0820.06",
        "environmentType": 9,
        "resourceName": "ws-synapse-projects",
        "resourceRegion": "australiaeast",
        "resourceGroup": "rgprojects",
        "subscriptionId": "89cc4e52-939c-45d0-a638-39e059f9bef7",
        "sessionId": "+akTxnkMKG+aRS6CxRQksH",
        "operationId": "uN3iG",
        "gitType": "live",
        "loggingKey": "80d08bec-ca08-46e0-8a7d-97b608559292"
    },
    "additionalInfo": {
        "selectedResource": "pl_AdventureWorksDW2022_extract_fact",
        "selectedResourceType": "pipeline"
    }
}