{
    "now": "2026-01-12T23:12:11.055Z",
    "perfNow": 4103913.600000024,
    "diagnosticCorrelation": "fc69adf0-aebe-4006-9ef6-27a66a90e569",
    "source": "DownloadSupportFiles",
    "environment": {
        "productName": "a365",
        "buildVersion": "25.0820.06",
        "environmentType": 9,
        "resourceName": "ws-synapse-projects",
        "resourceRegion": "australiaeast",
        "resourceGroup": "rgprojects",
        "subscriptionId": "89cc4e52-939c-45d0-a638-39e059f9bef7",
        "sessionId": "xJWi0NcFXcMNgU6Cv67xgZ",
        "operationId": "i9meX",
        "gitType": "live",
        "loggingKey": "2b80f63c-8753-4fe1-8211-40681da5e64d"
    },
    "additionalInfo": {
        "selectedResource": "pl_AdventureWorksDW2022_extract_fact",
        "selectedResourceType": "pipeline"
    }
}