{
    "now": "2026-01-17T00:03:58.802Z",
    "perfNow": 421041.09999999776,
    "diagnosticCorrelation": "371d6c80-4112-4c75-890e-280a4fb8cc75",
    "source": "DownloadSupportFiles",
    "environment": {
        "productName": "a365",
        "buildVersion": "25.0820.06",
        "environmentType": 9,
        "resourceName": "ws-synapse-projects",
        "resourceRegion": "australiaeast",
        "resourceGroup": "rgprojects",
        "subscriptionId": "89cc4e52-939c-45d0-a638-39e059f9bef7",
        "sessionId": "cxzhiREyRrU+tjxhR9XqJv",
        "operationId": "BfC9s",
        "gitType": "live",
        "loggingKey": "4cc34166-c1f8-4e9f-a9cc-abcbbbfeed85"
    },
    "additionalInfo": {
        "selectedResource": "pl_AdventureWorksDW2022_extract_fact",
        "selectedResourceType": "pipeline"
    }
}