{"$schema":"http://schema.management.azure.com/schemas/2015-01-01/deploymentTemplate.json#","contentVersion":"1.0.0.0","parameters":{"azuresqlserver_control_db":{"type":"string"},"lakehouse_main":{"type":"string"},"warehouse_main":{"type":"string"}},"variables":{},"resources":[{"name":"04_pl_dw_staging_dimension_table","type":"pipelines","apiVersion":"2018-06-01","properties":{"activities":[{"name":"Start process staging","type":"SqlServerStoredProcedure","dependsOn":[{"activity":"Get start count rows","dependencyConditions":["Succeeded"]}],"policy":{"timeout":"0.12:00:00","retry":0,"retryIntervalInSeconds":30,"secureOutput":false,"secureInput":false},"typeProperties":{"storedProcedureName":"dbo.usp_start_sub_run","database":"control_db","storedProcedureParameters":{"run_id":{"value":{"value":"@pipeline().parameters.in_parameter_run_id","type":"Expression"},"type":"Int32"},"layer":{"value":{"value":"@concat('WS STAGING DIMENSION DATA - ', pipeline().parameters.in_parameter_table_name)","type":"Expression"},"type":"String"},"start_count":{"value":{"value":"@activity('Get start count rows').output.firstRow.start_count","type":"Expression"},"type":"Int32"}}},"externalReferences":{"connection":"[parameters('azuresqlserver_control_db')]"}},{"name":"Get start count rows","type":"Lookup","dependsOn":[],"policy":{"timeout":"0.12:00:00","retry":0,"retryIntervalInSeconds":30,"secureOutput":false,"secureInput":false},"typeProperties":{"source":{"type":"LakehouseTableSource","sqlReaderQuery":{"value":"@concat('SELECT COUNT(1) AS start_count FROM lakehouse_main.silver.', pipeline().parameters.in_parameter_table_name)","type":"Expression"},"partitionOption":"None"},"datasetSettings":{"annotations":[],"connectionSettings":{"name":"lakehouse_main","properties":{"annotations":[],"type":"Lakehouse","typeProperties":{"workspaceId":"c79d588e-f4a9-449a-b165-11944c320e41","artifactId":"[parameters('lakehouse_main')]","rootFolder":"Tables"},"externalReferences":{"connection":"0e6fa2f8-b708-442b-ae5b-dc5596b1a920"}}},"type":"LakehouseTable","schema":[],"typeProperties":{}}}},{"name":"Truncate staging table","type":"Script","dependsOn":[{"activity":"Start process staging","dependencyConditions":["Succeeded"]}],"policy":{"timeout":"0.12:00:00","retry":0,"retryIntervalInSeconds":30,"secureOutput":false,"secureInput":false},"connectionSettings":{"name":"warehouse_main","properties":{"annotations":[],"type":"DataWarehouse","typeProperties":{"endpoint":"j3u3dnllawnebjrv5siuxwwqsa-rzmj3r5j6snejmlfcgkeymqoie.datawarehouse.fabric.microsoft.com","artifactId":"[parameters('warehouse_main')]","workspaceId":"c79d588e-f4a9-449a-b165-11944c320e41"},"externalReferences":{"connection":"5450ab17-c9ea-42d8-91cc-e97a8f963b9d"}}},"typeProperties":{"scripts":[{"type":"Query","text":{"value":"@concat('TRUNCATE TABLE staging.', pipeline().parameters.in_parameter_table_name)","type":"Expression"}}],"scriptBlockExecutionTimeout":"02:00:00"}},{"name":"Load staging table","type":"Lookup","dependsOn":[{"activity":"Truncate staging table","dependencyConditions":["Succeeded"]}],"policy":{"timeout":"0.12:00:00","retry":0,"retryIntervalInSeconds":30,"secureOutput":false,"secureInput":false},"typeProperties":{"source":{"type":"DataWarehouseSource","sqlReaderStoredProcedureName":{"value":"@concat('staging.usp_load_', pipeline().parameters.in_parameter_table_name)","type":"Expression"},"queryTimeout":"02:00:00","partitionOption":"None"},"datasetSettings":{"annotations":[],"connectionSettings":{"name":"warehouse_main","properties":{"annotations":[],"type":"DataWarehouse","typeProperties":{"endpoint":"j3u3dnllawnebjrv5siuxwwqsa-rzmj3r5j6snejmlfcgkeymqoie.datawarehouse.fabric.microsoft.com","artifactId":"[parameters('warehouse_main')]","workspaceId":"c79d588e-f4a9-449a-b165-11944c320e41"},"externalReferences":{"connection":"5450ab17-c9ea-42d8-91cc-e97a8f963b9d"}}},"type":"DataWarehouseTable","schema":[],"typeProperties":{}}}},{"name":"End process staging","type":"SqlServerStoredProcedure","dependsOn":[{"activity":"Load staging table","dependencyConditions":["Succeeded"]}],"policy":{"timeout":"0.12:00:00","retry":0,"retryIntervalInSeconds":30,"secureOutput":false,"secureInput":false},"typeProperties":{"storedProcedureName":"dbo.usp_end_sub_run","database":"control_db","storedProcedureParameters":{"run_id":{"value":{"value":"@pipeline().parameters.in_parameter_run_id","type":"Expression"},"type":"Int32"},"layer":{"value":{"value":"@concat('WS STAGING DIMENSION DATA - ', pipeline().parameters.in_parameter_table_name)","type":"Expression"},"type":"String"},"end_count":{"value":{"value":"@activity('Load staging table').output.firstRow.end_count","type":"Expression"},"type":"Int32"}}},"externalReferences":{"connection":"[parameters('azuresqlserver_control_db')]"}}],"parameters":{"in_parameter_run_id":{"type":"int"},"in_parameter_table_name":{"type":"string"}},"lastModifiedByObjectId":"6c3a777b-e7a5-4045-9fd9-ef279f885972","lastPublishTime":"2026-01-05T03:25:44Z"},"dependsOn":[]}]}