{
    "name": "pl_AdventureWorksDW2022_on_premise",
    "properties": {
        "activities": [
            {
                "name": "Load stanging table FactFinance",
                "type": "Copy",
                "dependsOn": [
                    {
                        "activity": "Truncate production tables",
                        "dependencyConditions": [
                            "Succeeded"
                        ]
                    }
                ],
                "policy": {
                    "timeout": "0.12:00:00",
                    "retry": 0,
                    "retryIntervalInSeconds": 30,
                    "secureOutput": false,
                    "secureInput": false
                },
                "userProperties": [],
                "typeProperties": {
                    "source": {
                        "type": "SqlServerSource",
                        "sqlReaderQuery": "SELECT * FROM dbo.FactFinance",
                        "queryTimeout": "02:00:00",
                        "partitionOption": "None"
                    },
                    "sink": {
                        "type": "SqlPoolSink",
                        "preCopyScript": {
                            "value": "@concat('TRUNCATE TABLE ', variables('v_schema_name_staging'), '.FactFinance')",
                            "type": "Expression"
                        },
                        "allowCopyCommand": true
                    },
                    "enableStaging": true,
                    "stagingSettings": {
                        "linkedServiceName": {
                            "referenceName": "ws-synapse-projects-WorkspaceDefaultStorage",
                            "type": "LinkedServiceReference"
                        },
                        "path": "raw/adventure_works_dw_2022"
                    }
                },
                "inputs": [
                    {
                        "referenceName": "ds_on_premise_mssql_table_query",
                        "type": "DatasetReference",
                        "parameters": {
                            "pr_in_database": "AdventureWorksDW2022"
                        }
                    }
                ],
                "outputs": [
                    {
                        "referenceName": "ds_dedicated_table",
                        "type": "DatasetReference",
                        "parameters": {
                            "pr_in_schema_name": {
                                "value": "@variables('v_schema_name_staging')",
                                "type": "Expression"
                            },
                            "pr_in_schema_table_name": "FactFinance"
                        }
                    }
                ]
            },
            {
                "name": "Load stanging table DimOrganization",
                "type": "Copy",
                "dependsOn": [
                    {
                        "activity": "Truncate production tables",
                        "dependencyConditions": [
                            "Succeeded"
                        ]
                    }
                ],
                "policy": {
                    "timeout": "0.12:00:00",
                    "retry": 0,
                    "retryIntervalInSeconds": 30,
                    "secureOutput": false,
                    "secureInput": false
                },
                "userProperties": [],
                "typeProperties": {
                    "source": {
                        "type": "SqlServerSource",
                        "sqlReaderQuery": "SELECT * FROM dbo.DimOrganization",
                        "queryTimeout": "02:00:00",
                        "partitionOption": "None"
                    },
                    "sink": {
                        "type": "SqlPoolSink",
                        "preCopyScript": {
                            "value": "@concat('TRUNCATE TABLE ', variables('v_schema_name_staging'), '.DimOrganization')",
                            "type": "Expression"
                        },
                        "allowCopyCommand": true
                    },
                    "enableStaging": true,
                    "stagingSettings": {
                        "linkedServiceName": {
                            "referenceName": "ws-synapse-projects-WorkspaceDefaultStorage",
                            "type": "LinkedServiceReference"
                        },
                        "path": "raw/adventure_works_dw_2022"
                    }
                },
                "inputs": [
                    {
                        "referenceName": "ds_on_premise_mssql_table_query",
                        "type": "DatasetReference",
                        "parameters": {
                            "pr_in_database": "AdventureWorksDW2022"
                        }
                    }
                ],
                "outputs": [
                    {
                        "referenceName": "ds_dedicated_table",
                        "type": "DatasetReference",
                        "parameters": {
                            "pr_in_schema_name": {
                                "value": "@variables('v_schema_name_staging')",
                                "type": "Expression"
                            },
                            "pr_in_schema_table_name": "DimOrganization"
                        }
                    }
                ]
            },
            {
                "name": "Load stanging table DimDate",
                "type": "Copy",
                "dependsOn": [
                    {
                        "activity": "Truncate production tables",
                        "dependencyConditions": [
                            "Succeeded"
                        ]
                    }
                ],
                "policy": {
                    "timeout": "0.12:00:00",
                    "retry": 0,
                    "retryIntervalInSeconds": 30,
                    "secureOutput": false,
                    "secureInput": false
                },
                "userProperties": [],
                "typeProperties": {
                    "source": {
                        "type": "SqlServerSource",
                        "sqlReaderQuery": "SELECT * FROM dbo.DimDate",
                        "queryTimeout": "02:00:00",
                        "partitionOption": "None"
                    },
                    "sink": {
                        "type": "SqlPoolSink",
                        "preCopyScript": {
                            "value": "@concat('TRUNCATE TABLE ', variables('v_schema_name_staging'), '.DimDate')",
                            "type": "Expression"
                        },
                        "allowCopyCommand": true
                    },
                    "enableStaging": true,
                    "stagingSettings": {
                        "linkedServiceName": {
                            "referenceName": "ws-synapse-projects-WorkspaceDefaultStorage",
                            "type": "LinkedServiceReference"
                        },
                        "path": "raw/adventure_works_dw_2022"
                    }
                },
                "inputs": [
                    {
                        "referenceName": "ds_on_premise_mssql_table_query",
                        "type": "DatasetReference",
                        "parameters": {
                            "pr_in_database": "AdventureWorksDW2022"
                        }
                    }
                ],
                "outputs": [
                    {
                        "referenceName": "ds_dedicated_table",
                        "type": "DatasetReference",
                        "parameters": {
                            "pr_in_schema_name": {
                                "value": "@variables('v_schema_name_staging')",
                                "type": "Expression"
                            },
                            "pr_in_schema_table_name": "DimDate"
                        }
                    }
                ]
            },
            {
                "name": "Load stanging table DimDepartmentGroup",
                "type": "Copy",
                "dependsOn": [
                    {
                        "activity": "Truncate production tables",
                        "dependencyConditions": [
                            "Succeeded"
                        ]
                    }
                ],
                "policy": {
                    "timeout": "0.12:00:00",
                    "retry": 0,
                    "retryIntervalInSeconds": 30,
                    "secureOutput": false,
                    "secureInput": false
                },
                "userProperties": [],
                "typeProperties": {
                    "source": {
                        "type": "SqlServerSource",
                        "sqlReaderQuery": "SELECT * FROM dbo.DimDepartmentGroup",
                        "queryTimeout": "02:00:00",
                        "partitionOption": "None"
                    },
                    "sink": {
                        "type": "SqlPoolSink",
                        "preCopyScript": {
                            "value": "@concat('TRUNCATE TABLE ', variables('v_schema_name_staging'), '.DimDepartmentGroup')",
                            "type": "Expression"
                        },
                        "allowCopyCommand": true
                    },
                    "enableStaging": true,
                    "stagingSettings": {
                        "linkedServiceName": {
                            "referenceName": "ws-synapse-projects-WorkspaceDefaultStorage",
                            "type": "LinkedServiceReference"
                        },
                        "path": "raw/adventure_works_dw_2022"
                    }
                },
                "inputs": [
                    {
                        "referenceName": "ds_on_premise_mssql_table_query",
                        "type": "DatasetReference",
                        "parameters": {
                            "pr_in_database": "AdventureWorksDW2022"
                        }
                    }
                ],
                "outputs": [
                    {
                        "referenceName": "ds_dedicated_table",
                        "type": "DatasetReference",
                        "parameters": {
                            "pr_in_schema_name": {
                                "value": "@variables('v_schema_name_staging')",
                                "type": "Expression"
                            },
                            "pr_in_schema_table_name": "DimDepartmentGroup"
                        }
                    }
                ]
            },
            {
                "name": "Load stanging table DimScenario",
                "type": "Copy",
                "dependsOn": [
                    {
                        "activity": "Truncate production tables",
                        "dependencyConditions": [
                            "Succeeded"
                        ]
                    }
                ],
                "policy": {
                    "timeout": "0.12:00:00",
                    "retry": 0,
                    "retryIntervalInSeconds": 30,
                    "secureOutput": false,
                    "secureInput": false
                },
                "userProperties": [],
                "typeProperties": {
                    "source": {
                        "type": "SqlServerSource",
                        "sqlReaderQuery": "SELECT * FROM dbo.DimScenario",
                        "queryTimeout": "02:00:00",
                        "partitionOption": "None"
                    },
                    "sink": {
                        "type": "SqlPoolSink",
                        "preCopyScript": {
                            "value": "@concat('TRUNCATE TABLE ', variables('v_schema_name_staging'), '.DimScenario')",
                            "type": "Expression"
                        },
                        "allowCopyCommand": true
                    },
                    "enableStaging": true,
                    "stagingSettings": {
                        "linkedServiceName": {
                            "referenceName": "ws-synapse-projects-WorkspaceDefaultStorage",
                            "type": "LinkedServiceReference"
                        },
                        "path": "raw/adventure_works_dw_2022"
                    }
                },
                "inputs": [
                    {
                        "referenceName": "ds_on_premise_mssql_table_query",
                        "type": "DatasetReference",
                        "parameters": {
                            "pr_in_database": "AdventureWorksDW2022"
                        }
                    }
                ],
                "outputs": [
                    {
                        "referenceName": "ds_dedicated_table",
                        "type": "DatasetReference",
                        "parameters": {
                            "pr_in_schema_name": {
                                "value": "@variables('v_schema_name_staging')",
                                "type": "Expression"
                            },
                            "pr_in_schema_table_name": "DimScenario"
                        }
                    }
                ]
            },
            {
                "name": "Load stanging table DimAccount",
                "type": "Copy",
                "dependsOn": [
                    {
                        "activity": "Truncate production tables",
                        "dependencyConditions": [
                            "Succeeded"
                        ]
                    }
                ],
                "policy": {
                    "timeout": "0.12:00:00",
                    "retry": 0,
                    "retryIntervalInSeconds": 30,
                    "secureOutput": false,
                    "secureInput": false
                },
                "userProperties": [],
                "typeProperties": {
                    "source": {
                        "type": "SqlServerSource",
                        "sqlReaderQuery": "SELECT * FROM dbo.DimAccount",
                        "queryTimeout": "02:00:00",
                        "partitionOption": "None"
                    },
                    "sink": {
                        "type": "SqlPoolSink",
                        "preCopyScript": {
                            "value": "@concat('TRUNCATE TABLE ', variables('v_schema_name_staging'), '.DimAccount')",
                            "type": "Expression"
                        },
                        "allowCopyCommand": true
                    },
                    "enableStaging": true,
                    "stagingSettings": {
                        "linkedServiceName": {
                            "referenceName": "ws-synapse-projects-WorkspaceDefaultStorage",
                            "type": "LinkedServiceReference"
                        },
                        "path": "raw/adventure_works_dw_2022"
                    }
                },
                "inputs": [
                    {
                        "referenceName": "ds_on_premise_mssql_table_query",
                        "type": "DatasetReference",
                        "parameters": {
                            "pr_in_database": "AdventureWorksDW2022"
                        }
                    }
                ],
                "outputs": [
                    {
                        "referenceName": "ds_dedicated_table",
                        "type": "DatasetReference",
                        "parameters": {
                            "pr_in_schema_name": {
                                "value": "@variables('v_schema_name_staging')",
                                "type": "Expression"
                            },
                            "pr_in_schema_table_name": "DimAccount"
                        }
                    }
                ]
            },
            {
                "name": "Load production table DimOrganization",
                "type": "SqlServerStoredProcedure",
                "dependsOn": [
                    {
                        "activity": "Load stanging table DimOrganization",
                        "dependencyConditions": [
                            "Succeeded"
                        ]
                    }
                ],
                "policy": {
                    "timeout": "0.12:00:00",
                    "retry": 0,
                    "retryIntervalInSeconds": 30,
                    "secureOutput": false,
                    "secureInput": false
                },
                "userProperties": [],
                "typeProperties": {
                    "storedProcedureName": "AdventureWorksDW2022_prod.usp_load_DimOrganization"
                },
                "linkedServiceName": {
                    "referenceName": "ws-synapse-projects-WorkspaceDefaultSqlServer",
                    "type": "LinkedServiceReference",
                    "parameters": {
                        "DBName": "dedicated_pool"
                    }
                }
            },
            {
                "name": "Truncate production tables",
                "type": "SqlServerStoredProcedure",
                "dependsOn": [],
                "policy": {
                    "timeout": "0.12:00:00",
                    "retry": 0,
                    "retryIntervalInSeconds": 30,
                    "secureOutput": false,
                    "secureInput": false
                },
                "userProperties": [],
                "typeProperties": {
                    "storedProcedureName": "AdventureWorksDW2022_prod.usp_truncate_tables"
                },
                "linkedServiceName": {
                    "referenceName": "ws-synapse-projects-WorkspaceDefaultSqlServer",
                    "type": "LinkedServiceReference",
                    "parameters": {
                        "DBName": "dedicated_pool"
                    }
                }
            },
            {
                "name": "Load production table FactFinance",
                "type": "SqlServerStoredProcedure",
                "dependsOn": [
                    {
                        "activity": "Load stanging table FactFinance",
                        "dependencyConditions": [
                            "Succeeded"
                        ]
                    }
                ],
                "policy": {
                    "timeout": "0.12:00:00",
                    "retry": 0,
                    "retryIntervalInSeconds": 30,
                    "secureOutput": false,
                    "secureInput": false
                },
                "userProperties": [],
                "typeProperties": {
                    "storedProcedureName": "AdventureWorksDW2022_prod.usp_load_FactFinance"
                },
                "linkedServiceName": {
                    "referenceName": "ws-synapse-projects-WorkspaceDefaultSqlServer",
                    "type": "LinkedServiceReference",
                    "parameters": {
                        "DBName": "dedicated_pool"
                    }
                }
            },
            {
                "name": "Load production table DimDate",
                "type": "SqlServerStoredProcedure",
                "dependsOn": [
                    {
                        "activity": "Load stanging table DimDate",
                        "dependencyConditions": [
                            "Succeeded"
                        ]
                    }
                ],
                "policy": {
                    "timeout": "0.12:00:00",
                    "retry": 0,
                    "retryIntervalInSeconds": 30,
                    "secureOutput": false,
                    "secureInput": false
                },
                "userProperties": [],
                "typeProperties": {
                    "storedProcedureName": "AdventureWorksDW2022_prod.usp_load_DimDate"
                },
                "linkedServiceName": {
                    "referenceName": "ws-synapse-projects-WorkspaceDefaultSqlServer",
                    "type": "LinkedServiceReference",
                    "parameters": {
                        "DBName": "dedicated_pool"
                    }
                }
            },
            {
                "name": "Load production table DimDepartmentGroup",
                "type": "SqlServerStoredProcedure",
                "dependsOn": [
                    {
                        "activity": "Load stanging table DimDepartmentGroup",
                        "dependencyConditions": [
                            "Succeeded"
                        ]
                    }
                ],
                "policy": {
                    "timeout": "0.12:00:00",
                    "retry": 0,
                    "retryIntervalInSeconds": 30,
                    "secureOutput": false,
                    "secureInput": false
                },
                "userProperties": [],
                "typeProperties": {
                    "storedProcedureName": "AdventureWorksDW2022_prod.usp_load_DimDepartmentGroup"
                },
                "linkedServiceName": {
                    "referenceName": "ws-synapse-projects-WorkspaceDefaultSqlServer",
                    "type": "LinkedServiceReference",
                    "parameters": {
                        "DBName": "dedicated_pool"
                    }
                }
            },
            {
                "name": "Load production table DimScenario",
                "type": "SqlServerStoredProcedure",
                "dependsOn": [
                    {
                        "activity": "Load stanging table DimScenario",
                        "dependencyConditions": [
                            "Succeeded"
                        ]
                    }
                ],
                "policy": {
                    "timeout": "0.12:00:00",
                    "retry": 0,
                    "retryIntervalInSeconds": 30,
                    "secureOutput": false,
                    "secureInput": false
                },
                "userProperties": [],
                "typeProperties": {
                    "storedProcedureName": "AdventureWorksDW2022_prod.usp_load_DimScenario"
                },
                "linkedServiceName": {
                    "referenceName": "ws-synapse-projects-WorkspaceDefaultSqlServer",
                    "type": "LinkedServiceReference",
                    "parameters": {
                        "DBName": "dedicated_pool"
                    }
                }
            },
            {
                "name": "Load production table DimAccount",
                "type": "SqlServerStoredProcedure",
                "dependsOn": [
                    {
                        "activity": "Load stanging table DimAccount",
                        "dependencyConditions": [
                            "Succeeded"
                        ]
                    }
                ],
                "policy": {
                    "timeout": "0.12:00:00",
                    "retry": 0,
                    "retryIntervalInSeconds": 30,
                    "secureOutput": false,
                    "secureInput": false
                },
                "userProperties": [],
                "typeProperties": {
                    "storedProcedureName": "AdventureWorksDW2022_prod.usp_load_DimAccount"
                },
                "linkedServiceName": {
                    "referenceName": "ws-synapse-projects-WorkspaceDefaultSqlServer",
                    "type": "LinkedServiceReference",
                    "parameters": {
                        "DBName": "dedicated_pool"
                    }
                }
            }
        ],
        "variables": {
            "v_schema_name_staging": {
                "type": "String",
                "defaultValue": "AdventureWorksDW2022_stag"
            }
        },
        "folder": {
            "name": "AdventureWorksDW2022"
        },
        "annotations": [],
        "lastPublishTime": "2025-12-31T23:49:23Z"
    },
    "type": "Microsoft.Synapse/workspaces/pipelines"
}