{
    "name": "pl_AdventureWorksDW2022_extract_fact",
    "properties": {
        "activities": [
            {
                "name": "Start sub process",
                "type": "SqlServerStoredProcedure",
                "dependsOn": [],
                "policy": {
                    "timeout": "0.12:00:00",
                    "retry": 0,
                    "retryIntervalInSeconds": 30,
                    "secureOutput": false,
                    "secureInput": false
                },
                "userProperties": [],
                "typeProperties": {
                    "storedProcedureName": "dbo.usp_start_sub_run",
                    "storedProcedureParameters": {
                        "run_id": {
                            "value": {
                                "value": "@pipeline().parameters.in_parameter_run_id",
                                "type": "Expression"
                            },
                            "type": "Int32"
                        },
                        "layer": {
                            "value": {
                                "value": "@concat('EXTRACT FACT DATA - ', pipeline().parameters.in_parameter_table_name)",
                                "type": "Expression"
                            },
                            "type": "String"
                        },
                        "start_count": {
                            "value": "0",
                            "type": "Int32"
                        }
                    }
                },
                "linkedServiceName": {
                    "referenceName": "AzureSql_control_db",
                    "type": "LinkedServiceReference"
                }
            },
            {
                "name": "Delete previous extraction",
                "type": "Delete",
                "dependsOn": [
                    {
                        "activity": "Start sub process",
                        "dependencyConditions": [
                            "Succeeded"
                        ]
                    }
                ],
                "policy": {
                    "timeout": "0.12:00:00",
                    "retry": 0,
                    "retryIntervalInSeconds": 30,
                    "secureOutput": false,
                    "secureInput": false
                },
                "userProperties": [],
                "typeProperties": {
                    "dataset": {
                        "referenceName": "ds_parquet_file",
                        "type": "DatasetReference",
                        "parameters": {
                            "pr_in_path": {
                                "value": "@pipeline().parameters.in_parameter_path",
                                "type": "Expression"
                            },
                            "pr_in_folder": {
                                "value": "@pipeline().parameters.in_parameter_folder",
                                "type": "Expression"
                            },
                            "pr_in_file_name": {
                                "value": "@pipeline().parameters.in_parameter_table_name",
                                "type": "Expression"
                            }
                        }
                    },
                    "enableLogging": false,
                    "storeSettings": {
                        "type": "AzureBlobFSReadSettings",
                        "recursive": true,
                        "wildcardFileName": "*",
                        "enablePartitionDiscovery": false
                    }
                }
            },
            {
                "name": "End sub process",
                "type": "SqlServerStoredProcedure",
                "dependsOn": [
                    {
                        "activity": "Get total end count",
                        "dependencyConditions": [
                            "Succeeded"
                        ]
                    }
                ],
                "policy": {
                    "timeout": "0.12:00:00",
                    "retry": 0,
                    "retryIntervalInSeconds": 30,
                    "secureOutput": false,
                    "secureInput": false
                },
                "userProperties": [],
                "typeProperties": {
                    "storedProcedureName": "dbo.usp_end_sub_run",
                    "storedProcedureParameters": {
                        "run_id": {
                            "value": {
                                "value": "@pipeline().parameters.in_parameter_run_id",
                                "type": "Expression"
                            },
                            "type": "Int32"
                        },
                        "layer": {
                            "value": {
                                "value": "@concat('EXTRACT FACT DATA - ', pipeline().parameters.in_parameter_table_name)",
                                "type": "Expression"
                            },
                            "type": "String"
                        },
                        "end_count": {
                            "value": {
                                "value": "@variables('v_end_count')",
                                "type": "Expression"
                            },
                            "type": "Int32"
                        }
                    }
                },
                "linkedServiceName": {
                    "referenceName": "AzureSql_control_db",
                    "type": "LinkedServiceReference"
                }
            },
            {
                "name": "ForEach partition",
                "type": "ForEach",
                "dependsOn": [
                    {
                        "activity": "Get year partitions",
                        "dependencyConditions": [
                            "Succeeded"
                        ]
                    }
                ],
                "userProperties": [],
                "typeProperties": {
                    "items": {
                        "value": "@activity('Get year partitions').output.value",
                        "type": "Expression"
                    },
                    "activities": [
                        {
                            "name": "Extract data",
                            "type": "Copy",
                            "dependsOn": [],
                            "policy": {
                                "timeout": "0.12:00:00",
                                "retry": 0,
                                "retryIntervalInSeconds": 30,
                                "secureOutput": false,
                                "secureInput": false
                            },
                            "userProperties": [],
                            "typeProperties": {
                                "source": {
                                    "type": "SqlServerSource",
                                    "sqlReaderQuery": {
                                        "value": "@concat('SELECT ', pipeline().parameters.in_parameter_columns, ' FROM dbo.', pipeline().parameters.in_parameter_table_name, ' WHERE EXISTS (SELECT 1 FROM dbo.DimDate WHERE dbo.DimDate.DateKey = dbo.', pipeline().parameters.in_parameter_table_name, '.DateKey AND dbo.DimDate.CalendarYear =', string(item().year), ')')",
                                        "type": "Expression"
                                    },
                                    "queryTimeout": "02:00:00",
                                    "partitionOption": "None"
                                },
                                "sink": {
                                    "type": "ParquetSink",
                                    "storeSettings": {
                                        "type": "AzureBlobFSWriteSettings"
                                    },
                                    "formatSettings": {
                                        "type": "ParquetWriteSettings"
                                    }
                                },
                                "enableStaging": false,
                                "translator": {
                                    "type": "TabularTranslator",
                                    "typeConversion": true,
                                    "typeConversionSettings": {
                                        "allowDataTruncation": true,
                                        "treatBooleanAsNumber": false
                                    }
                                }
                            },
                            "inputs": [
                                {
                                    "referenceName": "ds_on_premise_mssql_table_query",
                                    "type": "DatasetReference",
                                    "parameters": {
                                        "pr_in_database": {
                                            "value": "@pipeline().parameters.in_parameter_database",
                                            "type": "Expression"
                                        }
                                    }
                                }
                            ],
                            "outputs": [
                                {
                                    "referenceName": "ds_parquet_file",
                                    "type": "DatasetReference",
                                    "parameters": {
                                        "pr_in_path": {
                                            "value": "@pipeline().parameters.in_parameter_path",
                                            "type": "Expression"
                                        },
                                        "pr_in_folder": {
                                            "value": "@concat(pipeline().parameters.in_parameter_folder, '/', pipeline().parameters.in_parameter_table_name, '/year=', string(item().year))",
                                            "type": "Expression"
                                        },
                                        "pr_in_file_name": {
                                            "value": "@concat('input-', formatDateTime(utcNow(), 'dd-MM-yyyy-hh-mm-ss'), '.parquet')",
                                            "type": "Expression"
                                        }
                                    }
                                }
                            ]
                        },
                        {
                            "name": "Add end count array",
                            "type": "AppendVariable",
                            "dependsOn": [
                                {
                                    "activity": "Extract data",
                                    "dependencyConditions": [
                                        "Succeeded"
                                    ]
                                }
                            ],
                            "userProperties": [],
                            "typeProperties": {
                                "variableName": "v_end_count_array",
                                "value": {
                                    "value": "@activity('Extract data').output.rowsCopied",
                                    "type": "Expression"
                                }
                            }
                        }
                    ]
                }
            },
            {
                "name": "Get year partitions",
                "type": "Lookup",
                "dependsOn": [
                    {
                        "activity": "Delete previous extraction",
                        "dependencyConditions": [
                            "Succeeded"
                        ]
                    }
                ],
                "policy": {
                    "timeout": "0.12:00:00",
                    "retry": 0,
                    "retryIntervalInSeconds": 30,
                    "secureOutput": false,
                    "secureInput": false
                },
                "userProperties": [],
                "typeProperties": {
                    "source": {
                        "type": "AzureSqlSource",
                        "sqlReaderStoredProcedureName": "dbo.usp_list_years_fact_table_to_process",
                        "storedProcedureParameters": {
                            "table_id": {
                                "type": "Int32",
                                "value": {
                                    "value": "@pipeline().parameters.in_parameter_table_id",
                                    "type": "Expression"
                                }
                            }
                        },
                        "queryTimeout": "02:00:00",
                        "partitionOption": "None"
                    },
                    "dataset": {
                        "referenceName": "ds_azure_control_db_query",
                        "type": "DatasetReference"
                    },
                    "firstRowOnly": false
                }
            },
            {
                "name": "Get total end count",
                "type": "ForEach",
                "dependsOn": [
                    {
                        "activity": "ForEach partition",
                        "dependencyConditions": [
                            "Succeeded"
                        ]
                    }
                ],
                "userProperties": [],
                "typeProperties": {
                    "items": {
                        "value": "@variables('v_end_count_array')",
                        "type": "Expression"
                    },
                    "isSequential": true,
                    "activities": [
                        {
                            "name": "Sum",
                            "type": "SetVariable",
                            "dependsOn": [],
                            "policy": {
                                "secureOutput": false,
                                "secureInput": false
                            },
                            "userProperties": [],
                            "typeProperties": {
                                "variableName": "v_end_count",
                                "value": {
                                    "value": "@add(item(), variables('v_end_count_partition'))",
                                    "type": "Expression"
                                }
                            }
                        },
                        {
                            "name": "Get current sum",
                            "type": "SetVariable",
                            "dependsOn": [
                                {
                                    "activity": "Sum",
                                    "dependencyConditions": [
                                        "Succeeded"
                                    ]
                                }
                            ],
                            "policy": {
                                "secureOutput": false,
                                "secureInput": false
                            },
                            "userProperties": [],
                            "typeProperties": {
                                "variableName": "v_end_count_partition",
                                "value": {
                                    "value": "@variables('v_end_count')",
                                    "type": "Expression"
                                }
                            }
                        }
                    ]
                }
            }
        ],
        "parameters": {
            "in_parameter_run_id": {
                "type": "int",
                "defaultValue": 56
            },
            "in_parameter_table_name": {
                "type": "string",
                "defaultValue": "FactFinance"
            },
            "in_parameter_path": {
                "type": "string",
                "defaultValue": "migration"
            },
            "in_parameter_folder": {
                "type": "string",
                "defaultValue": "adventure_works_dw_2022"
            },
            "in_parameter_database": {
                "type": "string",
                "defaultValue": "AdventureWorksDW2022"
            },
            "in_parameter_columns": {
                "type": "string",
                "defaultValue": "FinanceKey,DateKey,OrganizationKey,DepartmentGroupKey,ScenarioKey,AccountKey,Amount,Date"
            },
            "in_parameter_table_id": {
                "type": "int",
                "defaultValue": 1
            }
        },
        "variables": {
            "v_query": {
                "type": "String",
                "defaultValue": "SELECT f.FinanceKey,f.DateKey,f.OrganizationKey,f.DepartmentGroupKey,f.ScenarioKey,f.AccountKey,f.Amount,f.Date FROM dbo.FactFinance f INNER JOIN dbo.DimDate d ON d.DateKey = f.DateKey WHERE d.CalendarYear = ?"
            },
            "v_end_count_array": {
                "type": "Array"
            },
            "v_end_count": {
                "type": "Integer",
                "defaultValue": 0
            },
            "v_end_count_partition": {
                "type": "Integer",
                "defaultValue": 0
            }
        },
        "folder": {
            "name": "AdventureWorksDW2022"
        },
        "annotations": [],
        "lastPublishTime": "2026-01-12T18:18:55Z"
    },
    "type": "Microsoft.Synapse/workspaces/pipelines"
}