{
    "name": "ds_dedicated_table",
    "properties": {
        "parameters": {
            "pr_in_schema_name": {
                "type": "string"
            },
            "pr_in_schema_table_name": {
                "type": "string"
            }
        },
        "annotations": [],
        "type": "SqlPoolTable",
        "schema": [],
        "typeProperties": {
            "schema": {
                "value": "@dataset().pr_in_schema_name",
                "type": "Expression"
            },
            "table": {
                "value": "@dataset().pr_in_schema_table_name",
                "type": "Expression"
            }
        },
        "sqlPool": {
            "referenceName": "dedicated_pool",
            "type": "SqlPoolReference"
        }
    },
    "type": "Microsoft.Synapse/workspaces/datasets"
}