{
    "name": "pl_AdventureWorksDW2022_extract_main",
    "properties": {
        "activities": [
            {
                "name": "Get tables",
                "type": "Lookup",
                "dependsOn": [
                    {
                        "activity": "Set variable run_id",
                        "dependencyConditions": [
                            "Succeeded"
                        ]
                    },
                    {
                        "activity": "Set variable process_date",
                        "dependencyConditions": [
                            "Succeeded"
                        ]
                    }
                ],
                "policy": {
                    "timeout": "0.12:00:00",
                    "retry": 0,
                    "retryIntervalInSeconds": 30,
                    "secureOutput": false,
                    "secureInput": false
                },
                "userProperties": [],
                "typeProperties": {
                    "source": {
                        "type": "AzureSqlSource",
                        "sqlReaderStoredProcedureName": "dbo.usp_list_tables_project",
                        "storedProcedureParameters": {
                            "project_id": {
                                "type": "Int32",
                                "value": "1"
                            }
                        },
                        "queryTimeout": "02:00:00",
                        "partitionOption": "None"
                    },
                    "dataset": {
                        "referenceName": "ds_azure_control_db_query",
                        "type": "DatasetReference"
                    },
                    "firstRowOnly": false
                }
            },
            {
                "name": "ForEach extract data",
                "type": "ForEach",
                "dependsOn": [
                    {
                        "activity": "Get tables",
                        "dependencyConditions": [
                            "Succeeded"
                        ]
                    }
                ],
                "userProperties": [],
                "typeProperties": {
                    "items": {
                        "value": "@activity('Get tables').output.value",
                        "type": "Expression"
                    },
                    "activities": [
                        {
                            "name": "is fact table",
                            "type": "IfCondition",
                            "dependsOn": [],
                            "userProperties": [],
                            "typeProperties": {
                                "expression": {
                                    "value": "@equals(item().is_fact_table, true)",
                                    "type": "Expression"
                                },
                                "ifFalseActivities": [
                                    {
                                        "name": "Execute extract dimension table data",
                                        "type": "ExecutePipeline",
                                        "dependsOn": [],
                                        "policy": {
                                            "secureInput": false
                                        },
                                        "userProperties": [],
                                        "typeProperties": {
                                            "pipeline": {
                                                "referenceName": "pl_AdventureWorksDW2022_extract_dim",
                                                "type": "PipelineReference"
                                            },
                                            "waitOnCompletion": true,
                                            "parameters": {
                                                "in_parameter_run_id": {
                                                    "value": "@variables('v_run_id')",
                                                    "type": "Expression"
                                                },
                                                "in_parameter_table_name": {
                                                    "value": "@item().table_name",
                                                    "type": "Expression"
                                                },
                                                "in_parameter_path": {
                                                    "value": "@variables('v_path')",
                                                    "type": "Expression"
                                                },
                                                "in_parameter_folder": {
                                                    "value": "@variables('v_main_directory')",
                                                    "type": "Expression"
                                                },
                                                "in_parameter_database": {
                                                    "value": "@variables('v_database')",
                                                    "type": "Expression"
                                                },
                                                "in_parameter_columns": {
                                                    "value": "@item().column_names",
                                                    "type": "Expression"
                                                },
                                                "in_parameter_schema": {
                                                    "value": "@variables('v_schema')",
                                                    "type": "Expression"
                                                }
                                            }
                                        }
                                    }
                                ],
                                "ifTrueActivities": [
                                    {
                                        "name": "Execute extract fact table data",
                                        "type": "ExecutePipeline",
                                        "dependsOn": [],
                                        "policy": {
                                            "secureInput": false
                                        },
                                        "userProperties": [],
                                        "typeProperties": {
                                            "pipeline": {
                                                "referenceName": "pl_AdventureWorksDW2022_extract_fact",
                                                "type": "PipelineReference"
                                            },
                                            "waitOnCompletion": true,
                                            "parameters": {
                                                "in_parameter_run_id": {
                                                    "value": "@variables('v_run_id')",
                                                    "type": "Expression"
                                                },
                                                "in_parameter_table_name": {
                                                    "value": "@item().table_name",
                                                    "type": "Expression"
                                                },
                                                "in_parameter_path": {
                                                    "value": "@variables('v_path')",
                                                    "type": "Expression"
                                                },
                                                "in_parameter_folder": {
                                                    "value": "@variables('v_main_directory')",
                                                    "type": "Expression"
                                                },
                                                "in_parameter_database": {
                                                    "value": "@variables('v_database')",
                                                    "type": "Expression"
                                                },
                                                "in_parameter_columns": {
                                                    "value": "@item().column_names",
                                                    "type": "Expression"
                                                },
                                                "in_parameter_table_id": {
                                                    "value": "@item().id",
                                                    "type": "Expression"
                                                },
                                                "in_parameter_schema": {
                                                    "value": "@variables('v_schema')",
                                                    "type": "Expression"
                                                }
                                            }
                                        }
                                    }
                                ]
                            }
                        }
                    ]
                }
            },
            {
                "name": "Start process",
                "type": "Lookup",
                "dependsOn": [],
                "policy": {
                    "timeout": "0.12:00:00",
                    "retry": 0,
                    "retryIntervalInSeconds": 30,
                    "secureOutput": false,
                    "secureInput": false
                },
                "userProperties": [],
                "typeProperties": {
                    "source": {
                        "type": "AzureSqlSource",
                        "sqlReaderStoredProcedureName": "dbo.usp_start_run",
                        "storedProcedureParameters": {
                            "project_id": {
                                "type": "Int16",
                                "value": {
                                    "value": "@variables('v_project_id')",
                                    "type": "Expression"
                                }
                            },
                            "name": {
                                "type": "String",
                                "value": {
                                    "value": "@variables('v_project_name')",
                                    "type": "Expression"
                                }
                            }
                        },
                        "queryTimeout": "02:00:00",
                        "partitionOption": "None"
                    },
                    "dataset": {
                        "referenceName": "ds_azure_control_db_query",
                        "type": "DatasetReference"
                    }
                }
            },
            {
                "name": "Set variable run_id",
                "type": "SetVariable",
                "dependsOn": [
                    {
                        "activity": "Start process",
                        "dependencyConditions": [
                            "Succeeded"
                        ]
                    }
                ],
                "policy": {
                    "secureOutput": false,
                    "secureInput": false
                },
                "userProperties": [],
                "typeProperties": {
                    "variableName": "v_run_id",
                    "value": {
                        "value": "@activity('Start process').output.firstRow.id",
                        "type": "Expression"
                    }
                }
            },
            {
                "name": "Set variable process_date",
                "type": "SetVariable",
                "dependsOn": [
                    {
                        "activity": "Start process",
                        "dependencyConditions": [
                            "Succeeded"
                        ]
                    }
                ],
                "policy": {
                    "secureOutput": false,
                    "secureInput": false
                },
                "userProperties": [],
                "typeProperties": {
                    "variableName": "v_process_date",
                    "value": {
                        "value": "@activity('Start process').output.firstRow.start_process_date",
                        "type": "Expression"
                    }
                }
            },
            {
                "name": "End process",
                "type": "SqlServerStoredProcedure",
                "dependsOn": [
                    {
                        "activity": "ForEach extract data",
                        "dependencyConditions": [
                            "Succeeded"
                        ]
                    }
                ],
                "policy": {
                    "timeout": "0.12:00:00",
                    "retry": 0,
                    "retryIntervalInSeconds": 30,
                    "secureOutput": false,
                    "secureInput": false
                },
                "userProperties": [],
                "typeProperties": {
                    "storedProcedureName": "dbo.usp_end_run",
                    "storedProcedureParameters": {
                        "id": {
                            "value": {
                                "value": "@variables('v_run_id')",
                                "type": "Expression"
                            },
                            "type": "Int32"
                        }
                    }
                },
                "linkedServiceName": {
                    "referenceName": "AzureSql_control_db",
                    "type": "LinkedServiceReference"
                }
            }
        ],
        "variables": {
            "v_path": {
                "type": "String",
                "defaultValue": "migration"
            },
            "v_main_directory": {
                "type": "String",
                "defaultValue": "adventure_works_dw_2022"
            },
            "v_run_id": {
                "type": "Integer"
            },
            "v_process_date": {
                "type": "String"
            },
            "v_project_id": {
                "type": "Integer",
                "defaultValue": 1
            },
            "v_project_name": {
                "type": "String",
                "defaultValue": "AdventureWorksDW2022 - Synapse"
            },
            "v_database": {
                "type": "String",
                "defaultValue": "AdventureWorksDW2022"
            },
            "v_schema": {
                "type": "String",
                "defaultValue": "AdventureWorksDW2022_prod"
            }
        },
        "folder": {
            "name": "AdventureWorksDW2022"
        },
        "annotations": [],
        "lastPublishTime": "2026-01-16T15:40:26Z"
    },
    "type": "Microsoft.Synapse/workspaces/pipelines"
}