{
    "name": "pl_AdventureWorksDW2022_extract_dim",
    "properties": {
        "activities": [
            {
                "name": "Start sub process",
                "type": "SqlServerStoredProcedure",
                "dependsOn": [],
                "policy": {
                    "timeout": "0.12:00:00",
                    "retry": 0,
                    "retryIntervalInSeconds": 30,
                    "secureOutput": false,
                    "secureInput": false
                },
                "userProperties": [],
                "typeProperties": {
                    "storedProcedureName": "dbo.usp_start_sub_run",
                    "storedProcedureParameters": {
                        "run_id": {
                            "value": {
                                "value": "@pipeline().parameters.in_parameter_run_id",
                                "type": "Expression"
                            },
                            "type": "Int32"
                        },
                        "layer": {
                            "value": {
                                "value": "@concat('EXTRACT DIMENSION DATA - ', pipeline().parameters.in_parameter_table_name)",
                                "type": "Expression"
                            },
                            "type": "String"
                        },
                        "start_count": {
                            "value": "0",
                            "type": "Int32"
                        }
                    }
                },
                "linkedServiceName": {
                    "referenceName": "AzureSql_control_db",
                    "type": "LinkedServiceReference"
                }
            },
            {
                "name": "Delete previous extraction",
                "type": "Delete",
                "dependsOn": [
                    {
                        "activity": "Start sub process",
                        "dependencyConditions": [
                            "Succeeded"
                        ]
                    }
                ],
                "policy": {
                    "timeout": "0.12:00:00",
                    "retry": 0,
                    "retryIntervalInSeconds": 30,
                    "secureOutput": false,
                    "secureInput": false
                },
                "userProperties": [],
                "typeProperties": {
                    "dataset": {
                        "referenceName": "ds_parquet_file",
                        "type": "DatasetReference",
                        "parameters": {
                            "pr_in_path": {
                                "value": "@pipeline().parameters.in_parameter_path",
                                "type": "Expression"
                            },
                            "pr_in_folder": {
                                "value": "@pipeline().parameters.in_parameter_folder",
                                "type": "Expression"
                            },
                            "pr_in_file_name": {
                                "value": "@pipeline().parameters.in_parameter_table_name",
                                "type": "Expression"
                            }
                        }
                    },
                    "enableLogging": false,
                    "storeSettings": {
                        "type": "AzureBlobFSReadSettings",
                        "recursive": true,
                        "wildcardFileName": "*",
                        "enablePartitionDiscovery": false
                    }
                }
            },
            {
                "name": "Extract data",
                "type": "Copy",
                "dependsOn": [
                    {
                        "activity": "Delete previous extraction",
                        "dependencyConditions": [
                            "Succeeded"
                        ]
                    }
                ],
                "policy": {
                    "timeout": "0.12:00:00",
                    "retry": 0,
                    "retryIntervalInSeconds": 30,
                    "secureOutput": false,
                    "secureInput": false
                },
                "userProperties": [],
                "typeProperties": {
                    "source": {
                        "type": "SqlServerSource",
                        "sqlReaderQuery": {
                            "value": "@concat('SELECT ', pipeline().parameters.in_parameter_columns, ' FROM dbo.', pipeline().parameters.in_parameter_table_name)",
                            "type": "Expression"
                        },
                        "queryTimeout": "02:00:00",
                        "partitionOption": "None"
                    },
                    "sink": {
                        "type": "ParquetSink",
                        "storeSettings": {
                            "type": "AzureBlobFSWriteSettings"
                        },
                        "formatSettings": {
                            "type": "ParquetWriteSettings"
                        }
                    },
                    "enableStaging": false,
                    "translator": {
                        "type": "TabularTranslator",
                        "typeConversion": true,
                        "typeConversionSettings": {
                            "allowDataTruncation": true,
                            "treatBooleanAsNumber": false
                        }
                    }
                },
                "inputs": [
                    {
                        "referenceName": "ds_on_premise_mssql_table_query",
                        "type": "DatasetReference",
                        "parameters": {
                            "pr_in_database": {
                                "value": "@pipeline().parameters.in_parameter_database",
                                "type": "Expression"
                            }
                        }
                    }
                ],
                "outputs": [
                    {
                        "referenceName": "ds_parquet_file",
                        "type": "DatasetReference",
                        "parameters": {
                            "pr_in_path": {
                                "value": "@pipeline().parameters.in_parameter_path",
                                "type": "Expression"
                            },
                            "pr_in_folder": {
                                "value": "@concat(pipeline().parameters.in_parameter_folder, '/', pipeline().parameters.in_parameter_table_name)",
                                "type": "Expression"
                            },
                            "pr_in_file_name": {
                                "value": "@concat('input-', formatDateTime(utcNow(), 'dd-MM-yyyy-hh-mm-ss'), '.parquet')",
                                "type": "Expression"
                            }
                        }
                    }
                ]
            },
            {
                "name": "End sub process",
                "type": "SqlServerStoredProcedure",
                "dependsOn": [
                    {
                        "activity": "Extract data",
                        "dependencyConditions": [
                            "Succeeded"
                        ]
                    }
                ],
                "policy": {
                    "timeout": "0.12:00:00",
                    "retry": 0,
                    "retryIntervalInSeconds": 30,
                    "secureOutput": false,
                    "secureInput": false
                },
                "userProperties": [],
                "typeProperties": {
                    "storedProcedureName": "dbo.usp_end_sub_run",
                    "storedProcedureParameters": {
                        "run_id": {
                            "value": {
                                "value": "@pipeline().parameters.in_parameter_run_id",
                                "type": "Expression"
                            },
                            "type": "Int32"
                        },
                        "layer": {
                            "value": {
                                "value": "@concat('EXTRACT DIMENSION DATA - ', pipeline().parameters.in_parameter_table_name)",
                                "type": "Expression"
                            },
                            "type": "String"
                        },
                        "end_count": {
                            "value": {
                                "value": "@activity('Extract data').output.rowsCopied",
                                "type": "Expression"
                            },
                            "type": "Int32"
                        }
                    }
                },
                "linkedServiceName": {
                    "referenceName": "AzureSql_control_db",
                    "type": "LinkedServiceReference"
                }
            }
        ],
        "parameters": {
            "in_parameter_run_id": {
                "type": "int"
            },
            "in_parameter_table_name": {
                "type": "string"
            },
            "in_parameter_path": {
                "type": "string"
            },
            "in_parameter_folder": {
                "type": "string"
            },
            "in_parameter_database": {
                "type": "string"
            },
            "in_parameter_columns": {
                "type": "string"
            }
        },
        "folder": {
            "name": "AdventureWorksDW2022"
        },
        "annotations": [],
        "lastPublishTime": "2026-01-02T18:03:24Z"
    },
    "type": "Microsoft.Synapse/workspaces/pipelines"
}