{
    "now": "2026-01-06T22:04:30.398Z",
    "perfNow": 205907.2999997139,
    "diagnosticCorrelation": "bfea0866-98db-44cc-b031-e6b1e849d5f1",
    "source": "DownloadSupportFiles",
    "environment": {
        "productName": "a365",
        "buildVersion": "25.0820.06",
        "environmentType": 9,
        "resourceName": "ws-synapse-projects",
        "resourceRegion": "australiaeast",
        "resourceGroup": "rgprojects",
        "subscriptionId": "89cc4e52-939c-45d0-a638-39e059f9bef7",
        "sessionId": "+akTxnkMKG+aRS6CxRQksH",
        "operationId": "uN3iG",
        "gitType": "live",
        "loggingKey": "80d08bec-ca08-46e0-8a7d-97b608559292"
    },
    "additionalInfo": {
        "selectedResource": "pl_AdventureWorksDW2022_extract_main",
        "selectedResourceType": "pipeline"
    }
}