{
    "now": "2026-01-12T23:12:09.180Z",
    "perfNow": 4102039,
    "diagnosticCorrelation": "3304cfcb-ac74-42c1-a0f3-d4920c99c8a0",
    "source": "DownloadSupportFiles",
    "environment": {
        "productName": "a365",
        "buildVersion": "25.0820.06",
        "environmentType": 9,
        "resourceName": "ws-synapse-projects",
        "resourceRegion": "australiaeast",
        "resourceGroup": "rgprojects",
        "subscriptionId": "89cc4e52-939c-45d0-a638-39e059f9bef7",
        "sessionId": "xJWi0NcFXcMNgU6Cv67xgZ",
        "operationId": "i9meX",
        "gitType": "live",
        "loggingKey": "2b80f63c-8753-4fe1-8211-40681da5e64d"
    },
    "additionalInfo": {
        "selectedResource": "pl_AdventureWorksDW2022_extract_main",
        "selectedResourceType": "pipeline"
    }
}