{"$schema":"http://schema.management.azure.com/schemas/2015-01-01/deploymentTemplate.json#","contentVersion":"1.0.0.0","parameters":{"warehouse_main":{"type":"string"},"azuresqlserver_control_db":{"type":"string"}},"variables":{},"resources":[{"name":"04_pl_gold_warehouse","type":"pipelines","apiVersion":"2018-06-01","properties":{"activities":[{"name":"Clean staging tables","type":"SqlServerStoredProcedure","dependsOn":[{"activity":"Start sub process warehouse","dependencyConditions":["Succeeded"]}],"policy":{"timeout":"0.12:00:00","retry":0,"retryIntervalInSeconds":30,"secureOutput":false,"secureInput":false},"typeProperties":{"storedProcedureName":"[[staging].[usp_clean_tables]"},"connectionSettings":{"name":"warehouse_main","properties":{"annotations":[],"type":"DataWarehouse","typeProperties":{"endpoint":"j3u3dnllawnebjrv5siuxwwqsa-ptfqdopik7qe7dgzrzbipa45ga.datawarehouse.fabric.microsoft.com","artifactId":"[parameters('warehouse_main')]","workspaceId":"b901cb7c-57e8-4fe0-8cd9-8e4287839d30"},"externalReferences":{"connection":"5450ab17-c9ea-42d8-91cc-e97a8f963b9d"}}}},{"name":"Load staging fact_missions","type":"SqlServerStoredProcedure","dependsOn":[{"activity":"Clean staging tables","dependencyConditions":["Succeeded"]}],"policy":{"timeout":"0.12:00:00","retry":0,"retryIntervalInSeconds":30,"secureOutput":false,"secureInput":false},"typeProperties":{"storedProcedureName":"staging.usp_load_fact_missions","storedProcedureParameters":{"process_date":{"value":{"value":"@pipeline().parameters.in_parameter_process_date","type":"Expression"},"type":"DateTime"},"run_id":{"value":{"value":"@pipeline().parameters.in_parameter_run_id","type":"Expression"},"type":"Int32"}}},"connectionSettings":{"name":"warehouse_main","properties":{"annotations":[],"type":"DataWarehouse","typeProperties":{"endpoint":"j3u3dnllawnebjrv5siuxwwqsa-ptfqdopik7qe7dgzrzbipa45ga.datawarehouse.fabric.microsoft.com","artifactId":"[parameters('warehouse_main')]","workspaceId":"b901cb7c-57e8-4fe0-8cd9-8e4287839d30"},"externalReferences":{"connection":"5450ab17-c9ea-42d8-91cc-e97a8f963b9d"}}}},{"name":"Load production fact_missions","type":"SqlServerStoredProcedure","dependsOn":[{"activity":"Load staging fact_missions","dependencyConditions":["Succeeded"]}],"policy":{"timeout":"0.12:00:00","retry":0,"retryIntervalInSeconds":30,"secureOutput":false,"secureInput":false},"typeProperties":{"storedProcedureName":"production.usp_load_fact_missions"},"connectionSettings":{"name":"warehouse_main","properties":{"annotations":[],"type":"DataWarehouse","typeProperties":{"endpoint":"j3u3dnllawnebjrv5siuxwwqsa-ptfqdopik7qe7dgzrzbipa45ga.datawarehouse.fabric.microsoft.com","artifactId":"[parameters('warehouse_main')]","workspaceId":"b901cb7c-57e8-4fe0-8cd9-8e4287839d30"},"externalReferences":{"connection":"5450ab17-c9ea-42d8-91cc-e97a8f963b9d"}}}},{"name":"Start sub process warehouse","type":"SqlServerStoredProcedure","dependsOn":[],"policy":{"timeout":"0.12:00:00","retry":0,"retryIntervalInSeconds":30,"secureOutput":false,"secureInput":false},"typeProperties":{"storedProcedureName":"study_space_missions_db.usp_start_sub_run","database":"control_db","storedProcedureParameters":{"run_id":{"value":{"value":"@pipeline().parameters.in_parameter_run_id","type":"Expression"},"type":"Int32"},"layer":{"value":"WAREHOUSE","type":"String"},"start_count":{"value":"0","type":"Int32"}}},"externalReferences":{"connection":"[parameters('azuresqlserver_control_db')]"}},{"name":"End sub process warehouse","type":"SqlServerStoredProcedure","dependsOn":[{"activity":"Load production fact_missions","dependencyConditions":["Succeeded"]}],"policy":{"timeout":"0.12:00:00","retry":0,"retryIntervalInSeconds":30,"secureOutput":false,"secureInput":false},"typeProperties":{"storedProcedureName":"study_space_missions_db.usp_end_sub_run","database":"control_db","storedProcedureParameters":{"run_id":{"value":{"value":"@pipeline().parameters.in_parameter_run_id","type":"Expression"},"type":"Int32"},"layer":{"value":"WAREHOUSE","type":"String"},"end_count":{"value":"0","type":"Int32"}}},"externalReferences":{"connection":"[parameters('azuresqlserver_control_db')]"}}],"parameters":{"in_parameter_run_id":{"type":"int"},"in_parameter_process_date":{"type":"string"}},"lastModifiedByObjectId":"6c3a777b-e7a5-4045-9fd9-ef279f885972","lastPublishTime":"2025-12-05T21:08:07Z"},"dependsOn":[]}]}