{
    "now": "2026-01-17T00:04:03.179Z",
    "perfNow": 425418.3999999985,
    "diagnosticCorrelation": "a1f600cb-832b-4fae-85fb-92722349d20c",
    "source": "DownloadSupportFiles",
    "environment": {
        "productName": "a365",
        "buildVersion": "25.0820.06",
        "environmentType": 9,
        "resourceName": "ws-synapse-projects",
        "resourceRegion": "australiaeast",
        "resourceGroup": "rgprojects",
        "subscriptionId": "89cc4e52-939c-45d0-a638-39e059f9bef7",
        "sessionId": "cxzhiREyRrU+tjxhR9XqJv",
        "operationId": "BfC9s",
        "gitType": "live",
        "loggingKey": "4cc34166-c1f8-4e9f-a9cc-abcbbbfeed85"
    },
    "additionalInfo": {
        "selectedResource": "pl_AdventureWorksDW2022_on_premise",
        "selectedResourceType": "pipeline"
    }
}