{
    "now": "2026-01-07T20:06:24.284Z",
    "perfNow": 377488.59999990463,
    "diagnosticCorrelation": "643c6de3-8c9e-4fc5-95da-145e896284df",
    "source": "DownloadSupportFiles",
    "environment": {
        "productName": "a365",
        "buildVersion": "25.0820.06",
        "environmentType": 9,
        "resourceName": "ws-synapse-projects",
        "resourceRegion": "australiaeast",
        "resourceGroup": "rgprojects",
        "subscriptionId": "89cc4e52-939c-45d0-a638-39e059f9bef7",
        "sessionId": "Tscsfvwv/ZDQ9ndXeaTMWh",
        "operationId": "nlmVz",
        "gitType": "live",
        "loggingKey": "b22490e0-9fa5-4ca6-aed2-f394c6b17f2e"
    },
    "additionalInfo": {
        "selectedResource": "pl_AdventureWorksDW2022_on_premise",
        "selectedResourceType": "pipeline"
    }
}