{"$schema":"http://schema.management.azure.com/schemas/2015-01-01/deploymentTemplate.json#","contentVersion":"1.0.0.0","parameters":{"azuresqlserver_control_db":{"type":"string"}},"variables":{},"resources":[{"name":"02_pl_etl_bronze_dimension_table","type":"pipelines","apiVersion":"2018-06-01","properties":{"activities":[{"name":"Start sub process","type":"SqlServerStoredProcedure","dependsOn":[],"policy":{"timeout":"0.12:00:00","retry":0,"retryIntervalInSeconds":30,"secureOutput":false,"secureInput":false},"typeProperties":{"storedProcedureName":"dbo.usp_start_sub_run","database":"control_db","storedProcedureParameters":{"run_id":{"value":{"value":"@pipeline().parameters.in_parameter_run_id","type":"Expression"},"type":"Int32"},"layer":{"value":{"value":"@concat('BRONZE DIMENSION DATA - ', pipeline().parameters.in_parameter_table_name)","type":"Expression"},"type":"String"},"start_count":{"value":"0","type":"Int32"}}},"externalReferences":{"connection":"[parameters('azuresqlserver_control_db')]"}},{"name":"End sub process","type":"SqlServerStoredProcedure","dependsOn":[{"activity":"Notebook bronze layer","dependencyConditions":["Succeeded"]}],"policy":{"timeout":"0.12:00:00","retry":0,"retryIntervalInSeconds":30,"secureOutput":false,"secureInput":false},"typeProperties":{"storedProcedureName":"dbo.usp_end_sub_run","database":"control_db","storedProcedureParameters":{"run_id":{"value":{"value":"@pipeline().parameters.in_parameter_run_id","type":"Expression"},"type":"Int32"},"layer":{"value":{"value":"@concat('BRONZE DIMENSION DATA - ', pipeline().parameters.in_parameter_table_name)","type":"Expression"},"type":"String"},"end_count":{"value":{"value":"@int(activity('Notebook bronze layer').output.result.exitValue)","type":"Expression"},"type":"Int32"}}},"externalReferences":{"connection":"[parameters('azuresqlserver_control_db')]"}},{"name":"Notebook bronze layer","type":"TridentNotebook","dependsOn":[{"activity":"Start sub process","dependencyConditions":["Succeeded"]}],"policy":{"timeout":"0.12:00:00","retry":0,"retryIntervalInSeconds":30,"secureOutput":false,"secureInput":false},"typeProperties":{"notebookId":"82ee44f0-d7cc-48b4-af7f-f4008669807c","workspaceId":"c79d588e-f4a9-449a-b165-11944c320e41","parameters":{"in_parameter_run_id":{"value":{"value":"@pipeline().parameters.in_parameter_run_id","type":"Expression"},"type":"int"},"in_parameter_process_date":{"value":{"value":"@pipeline().parameters.in_parameter_process_date","type":"Expression"},"type":"string"},"in_parameter_table_name":{"value":{"value":"@pipeline().parameters.in_parameter_table_name","type":"Expression"},"type":"string"},"in_parameter_columns":{"value":{"value":"@pipeline().parameters.in_parameter_columns","type":"Expression"},"type":"string"}}}}],"parameters":{"in_parameter_run_id":{"type":"int"},"in_parameter_process_date":{"type":"string"},"in_parameter_project_id":{"type":"int"},"in_parameter_table_name":{"type":"string"},"in_parameter_columns":{"type":"string"}},"lastModifiedByObjectId":"6c3a777b-e7a5-4045-9fd9-ef279f885972","lastPublishTime":"2026-01-04T23:38:32Z"},"dependsOn":[]}]}