{
    "name": "ds_on_premise_mssql_table_query",
    "properties": {
        "linkedServiceName": {
            "referenceName": "mssql_on_premise",
            "type": "LinkedServiceReference",
            "parameters": {
                "pr_in_database": {
                    "value": "@dataset().pr_in_database",
                    "type": "Expression"
                }
            }
        },
        "parameters": {
            "pr_in_database": {
                "type": "string"
            }
        },
        "annotations": [],
        "type": "SqlServerTable",
        "schema": []
    },
    "type": "Microsoft.Synapse/workspaces/datasets"
}