{
    "name": "ds_parquet_file",
    "properties": {
        "linkedServiceName": {
            "referenceName": "ws-synapse-projects-WorkspaceDefaultStorage",
            "type": "LinkedServiceReference"
        },
        "parameters": {
            "pr_in_path": {
                "type": "string"
            },
            "pr_in_folder": {
                "type": "string"
            },
            "pr_in_file_name": {
                "type": "string"
            }
        },
        "annotations": [],
        "type": "Parquet",
        "typeProperties": {
            "location": {
                "type": "AzureBlobFSLocation",
                "fileName": {
                    "value": "@dataset().pr_in_file_name",
                    "type": "Expression"
                },
                "folderPath": {
                    "value": "@dataset().pr_in_folder",
                    "type": "Expression"
                },
                "fileSystem": {
                    "value": "@dataset().pr_in_path",
                    "type": "Expression"
                }
            },
            "compressionCodec": "snappy"
        },
        "schema": []
    },
    "type": "Microsoft.Synapse/workspaces/datasets"
}