{"$schema":"http://schema.management.azure.com/schemas/2015-01-01/deploymentTemplate.json#","contentVersion":"1.0.0.0","parameters":{"azuresqlserver_control_db":{"type":"string"},"lakehouse_main":{"type":"string"},"FabricDataPipelines user1":{"type":"string"},"warehouse_main":{"type":"string"}},"variables":{},"resources":[{"name":"01_pl_main","type":"pipelines","apiVersion":"2018-06-01","properties":{"activities":[{"name":"Extract validation rules Azure","type":"Copy","dependsOn":[{"activity":"Set variable run_id","dependencyConditions":["Succeeded"]},{"activity":"Set variable process_date","dependencyConditions":["Succeeded"]}],"policy":{"timeout":"0.12:00:00","retry":0,"retryIntervalInSeconds":30,"secureOutput":false,"secureInput":false},"typeProperties":{"source":{"type":"AzureSqlSource","sqlReaderStoredProcedureName":"dbo.usp_list_validation_rules","storedProcedureParameters":{"project_id":{"type":"Int32","value":{"value":"@variables('v_project_id')","type":"Expression"}}},"queryTimeout":"02:00:00","partitionOption":"None","datasetSettings":{"annotations":[],"type":"AzureSqlTable","schema":[],"typeProperties":{"database":"control_db"},"externalReferences":{"connection":"[parameters('azuresqlserver_control_db')]"}}},"sink":{"type":"LakehouseTableSink","tableActionOption":"OverwriteSchema","partitionOption":"None","applyVOrder":true,"datasetSettings":{"annotations":[],"connectionSettings":{"name":"lakehouse_main","properties":{"annotations":[],"type":"Lakehouse","typeProperties":{"workspaceId":"c79d588e-f4a9-449a-b165-11944c320e41","artifactId":"[parameters('lakehouse_main')]","rootFolder":"Tables"},"externalReferences":{"connection":"0e6fa2f8-b708-442b-ae5b-dc5596b1a920"}}},"type":"LakehouseTable","schema":[],"typeProperties":{"schema":"control","table":"validation_rules"}}},"enableStaging":false,"translator":{"type":"TabularTranslator","mappings":[{"source":{"name":"table_name","type":"String","physicalType":"varchar","length":"50"},"sink":{"name":"table_name","physicalType":"string"}},{"source":{"name":"column_order","type":"Int16","physicalType":"smallint"},"sink":{"name":"column_order","physicalType":"short"}},{"source":{"name":"column_name_original","type":"String","physicalType":"varchar","length":"50"},"sink":{"name":"column_name_original","physicalType":"string"}},{"source":{"name":"column_type","type":"String","physicalType":"varchar","length":"20"},"sink":{"name":"column_type","physicalType":"string"}},{"source":{"name":"column_size","type":"Int16","physicalType":"smallint"},"sink":{"name":"column_size","physicalType":"short"}},{"source":{"name":"column_size_scale","type":"Int16","physicalType":"smallint"},"sink":{"name":"column_size_scale","physicalType":"short"}},{"source":{"name":"default_value","type":"String","physicalType":"varchar","length":"50"},"sink":{"name":"default_value","physicalType":"string"}}],"typeConversion":true,"typeConversionSettings":{"allowDataTruncation":true,"treatBooleanAsNumber":false}}}},{"name":"Start process","type":"Lookup","dependsOn":[],"policy":{"timeout":"0.12:00:00","retry":0,"retryIntervalInSeconds":30,"secureOutput":false,"secureInput":false},"typeProperties":{"source":{"type":"AzureSqlSource","sqlReaderStoredProcedureName":"dbo.usp_start_run","storedProcedureParameters":{"name":{"type":"String","value":{"value":"@variables('v_project_name')","type":"Expression"}},"project_id":{"type":"Int16","value":{"value":"@variables('v_project_id')","type":"Expression"}}},"queryTimeout":"02:00:00","partitionOption":"None"},"datasetSettings":{"annotations":[],"type":"AzureSqlTable","schema":[],"typeProperties":{"database":"control_db"},"externalReferences":{"connection":"[parameters('azuresqlserver_control_db')]"}}}},{"name":"Set variable run_id","type":"SetVariable","dependsOn":[{"activity":"Start process","dependencyConditions":["Succeeded"]}],"policy":{"secureOutput":false,"secureInput":false},"typeProperties":{"variableName":"v_run_id","value":{"value":"@activity('Start process').output.firstRow.id","type":"Expression"}}},{"name":"Set variable process_date","type":"SetVariable","dependsOn":[{"activity":"Start process","dependencyConditions":["Succeeded"]}],"policy":{"secureOutput":false,"secureInput":false},"typeProperties":{"variableName":"v_process_date","value":{"value":"@substring(activity('Start process').output.firstRow.start_process_date, 0, 10)","type":"Expression"}}},{"name":"End process","type":"SqlServerStoredProcedure","dependsOn":[{"activity":"Pipeline dw production process","dependencyConditions":["Succeeded"]}],"policy":{"timeout":"0.12:00:00","retry":0,"retryIntervalInSeconds":30,"secureOutput":false,"secureInput":false},"typeProperties":{"storedProcedureName":"dbo.usp_end_run","database":"control_db","storedProcedureParameters":{"id":{"value":{"value":"@variables('v_run_id')","type":"Expression"},"type":"Int32"}}},"externalReferences":{"connection":"[parameters('azuresqlserver_control_db')]"}},{"name":"Pipeline bronze process","type":"InvokePipeline","dependsOn":[{"activity":"Extract validation rules Azure","dependencyConditions":["Succeeded"]}],"policy":{"timeout":"0.12:00:00","retry":0,"retryIntervalInSeconds":30,"secureOutput":false,"secureInput":false},"typeProperties":{"waitOnCompletion":true,"operationType":"InvokeFabricPipeline","pipelineId":"ff02940a-1e3f-4266-9812-9d4e5925e17b","workspaceId":"c79d588e-f4a9-449a-b165-11944c320e41","parameters":{"in_parameter_run_id":{"value":"@variables('v_run_id')","type":"Expression"},"in_parameter_process_date":{"value":"@variables('v_process_date')","type":"Expression"},"in_parameter_project_id":{"value":"@variables('v_project_id')","type":"Expression"}}},"externalReferences":{"connection":"[parameters('FabricDataPipelines user1')]"}},{"name":"Pipeline silver process","type":"InvokePipeline","dependsOn":[{"activity":"Pipeline bronze process","dependencyConditions":["Succeeded"]}],"policy":{"timeout":"0.12:00:00","retry":0,"retryIntervalInSeconds":30,"secureOutput":false,"secureInput":false},"typeProperties":{"waitOnCompletion":true,"operationType":"InvokeFabricPipeline","pipelineId":"ca807bf6-300a-4aa9-b4fc-84cf41ca84dd","workspaceId":"c79d588e-f4a9-449a-b165-11944c320e41","parameters":{"in_parameter_run_id":{"value":"@variables('v_run_id')","type":"Expression"},"in_parameter_process_date":{"value":"@variables('v_process_date')","type":"Expression"},"in_parameter_project_id":{"value":"@variables('v_project_id')","type":"Expression"}}},"externalReferences":{"connection":"[parameters('FabricDataPipelines user1')]"}},{"name":"Pipeline dw staging process","type":"InvokePipeline","dependsOn":[{"activity":"Pipeline silver process","dependencyConditions":["Succeeded"]}],"policy":{"timeout":"0.12:00:00","retry":0,"retryIntervalInSeconds":30,"secureOutput":false,"secureInput":false},"typeProperties":{"waitOnCompletion":true,"operationType":"InvokeFabricPipeline","pipelineId":"84dee2bf-67e0-4172-8166-aae0e0fdd74c","workspaceId":"c79d588e-f4a9-449a-b165-11944c320e41","parameters":{"in_parameter_run_id":{"value":"@variables('v_run_id')","type":"Expression"},"in_parameter_project_id":{"value":"@variables('v_project_id')","type":"Expression"}}},"externalReferences":{"connection":"[parameters('FabricDataPipelines user1')]"}},{"name":"Pipeline dw production process","type":"InvokePipeline","dependsOn":[{"activity":"Pipeline dw staging process","dependencyConditions":["Succeeded"]}],"policy":{"timeout":"0.12:00:00","retry":0,"retryIntervalInSeconds":30,"secureOutput":false,"secureInput":false},"typeProperties":{"waitOnCompletion":true,"operationType":"InvokeFabricPipeline","pipelineId":"e3e2dd77-9957-4b6d-a872-16c9cde5c058","workspaceId":"c79d588e-f4a9-449a-b165-11944c320e41","parameters":{"in_parameter_run_id":{"value":"@variables('v_run_id')","type":"Expression"},"in_parameter_project_id":{"value":"@variables('v_project_id')","type":"Expression"}}},"externalReferences":{"connection":"[parameters('FabricDataPipelines user1')]"}}],"variables":{"v_project_id":{"type":"Integer","defaultValue":1},"v_run_id":{"type":"Integer"},"v_process_date":{"type":"String"},"v_project_name":{"type":"String","defaultValue":"AdventureWorksDW2022 - Fabric"}},"lastModifiedByObjectId":"6c3a777b-e7a5-4045-9fd9-ef279f885972","lastPublishTime":"2026-01-05T04:45:53Z"},"dependsOn":[]},{"name":"02_pl_etl_bronze","type":"pipelines","apiVersion":"2018-06-01","properties":{"activities":[{"name":"Get tables","type":"Lookup","dependsOn":[],"policy":{"timeout":"0.12:00:00","retry":0,"retryIntervalInSeconds":30,"secureOutput":false,"secureInput":false},"typeProperties":{"source":{"type":"AzureSqlSource","sqlReaderStoredProcedureName":"dbo.usp_list_tables_project","storedProcedureParameters":{"project_id":{"type":"Int32","value":{"value":"@pipeline().parameters.in_parameter_project_id","type":"Expression"}}},"queryTimeout":"02:00:00","partitionOption":"None"},"firstRowOnly":false,"datasetSettings":{"annotations":[],"type":"AzureSqlTable","schema":[],"typeProperties":{"database":"control_db"},"externalReferences":{"connection":"[parameters('azuresqlserver_control_db')]"}}}},{"name":"ForEach tables","type":"ForEach","dependsOn":[{"activity":"Get tables","dependencyConditions":["Succeeded"]}],"typeProperties":{"items":{"value":"@activity('Get tables').output.value","type":"Expression"},"batchCount":2,"activities":[{"name":"is fact table","type":"IfCondition","dependsOn":[],"typeProperties":{"expression":{"value":"@equals(item().is_fact_table, true)","type":"Expression"},"ifFalseActivities":[{"name":"Pipeline bronze process - dimension","type":"InvokePipeline","dependsOn":[],"policy":{"timeout":"0.12:00:00","retry":0,"retryIntervalInSeconds":30,"secureOutput":false,"secureInput":false},"typeProperties":{"waitOnCompletion":true,"operationType":"InvokeFabricPipeline","pipelineId":"26653d35-9633-4b8c-ba9f-94ed0ca1e318","workspaceId":"c79d588e-f4a9-449a-b165-11944c320e41","parameters":{"in_parameter_run_id":{"value":"@pipeline().parameters.in_parameter_run_id","type":"Expression"},"in_parameter_process_date":{"value":"@pipeline().parameters.in_parameter_process_date","type":"Expression"},"in_parameter_project_id":{"value":"@pipeline().parameters.in_parameter_project_id","type":"Expression"},"in_parameter_table_name":{"value":"@item().table_name","type":"Expression"},"in_parameter_columns":{"value":"@item().column_names","type":"Expression"}}},"externalReferences":{"connection":"[parameters('FabricDataPipelines user1')]"}}],"ifTrueActivities":[{"name":"Pipeline bronze process - fact","type":"InvokePipeline","dependsOn":[],"policy":{"timeout":"0.12:00:00","retry":0,"retryIntervalInSeconds":30,"secureOutput":false,"secureInput":false},"typeProperties":{"waitOnCompletion":true,"operationType":"InvokeFabricPipeline","pipelineId":"f3525f3b-d9ed-446d-8a66-ebb277d26d1c","workspaceId":"c79d588e-f4a9-449a-b165-11944c320e41","parameters":{"in_parameter_run_id":{"value":"@pipeline().parameters.in_parameter_run_id","type":"Expression"},"in_parameter_process_date":{"value":"@pipeline().parameters.in_parameter_process_date","type":"Expression"},"in_parameter_project_id":{"value":"@pipeline().parameters.in_parameter_project_id","type":"Expression"},"in_parameter_table_name":{"value":"@item().table_name","type":"Expression"},"in_parameter_columns":{"value":"@item().column_names","type":"Expression"},"in_parameter_table_id":{"value":"@item().id","type":"Expression"}}},"externalReferences":{"connection":"[parameters('FabricDataPipelines user1')]"}}]}}]}}],"parameters":{"in_parameter_run_id":{"type":"int"},"in_parameter_process_date":{"type":"string"},"in_parameter_project_id":{"type":"int"}},"variables":{"v_end_count":{"type":"Integer","defaultValue":0}},"lastModifiedByObjectId":"6c3a777b-e7a5-4045-9fd9-ef279f885972","lastPublishTime":"2026-01-04T02:59:38Z"},"dependsOn":[]},{"name":"03_pl_etl_silver","type":"pipelines","apiVersion":"2018-06-01","properties":{"activities":[{"name":"Get tables","type":"Lookup","dependsOn":[],"policy":{"timeout":"0.12:00:00","retry":0,"retryIntervalInSeconds":30,"secureOutput":false,"secureInput":false},"typeProperties":{"source":{"type":"AzureSqlSource","sqlReaderStoredProcedureName":"dbo.usp_list_tables_project","storedProcedureParameters":{"project_id":{"type":"Int32","value":{"value":"@pipeline().parameters.in_parameter_project_id","type":"Expression"}}},"queryTimeout":"02:00:00","partitionOption":"None"},"firstRowOnly":false,"datasetSettings":{"annotations":[],"type":"AzureSqlTable","schema":[],"typeProperties":{"database":"control_db"},"externalReferences":{"connection":"[parameters('azuresqlserver_control_db')]"}}}},{"name":"Filter only dimension tables","type":"Filter","dependsOn":[{"activity":"Get tables","dependencyConditions":["Succeeded"]}],"typeProperties":{"items":{"value":"@activity('Get tables').output.value","type":"Expression"},"condition":{"value":"@equals(item().is_fact_table, false)","type":"Expression"}}},{"name":"ForEach dimension tables","type":"ForEach","dependsOn":[{"activity":"Filter only dimension tables","dependencyConditions":["Succeeded"]}],"typeProperties":{"items":{"value":"@activity('Filter only dimension tables').output.value","type":"Expression"},"batchCount":2,"activities":[{"name":"Pipeline silver process - dimension tables","type":"InvokePipeline","dependsOn":[],"policy":{"timeout":"0.12:00:00","retry":0,"retryIntervalInSeconds":30,"secureOutput":false,"secureInput":false},"typeProperties":{"waitOnCompletion":true,"operationType":"InvokeFabricPipeline","pipelineId":"8d27908d-938a-49a0-b9e8-c831a8782768","workspaceId":"c79d588e-f4a9-449a-b165-11944c320e41","parameters":{"in_parameter_run_id":{"value":"@pipeline().parameters.in_parameter_run_id","type":"Expression"},"in_parameter_process_date":{"value":"@pipeline().parameters.in_parameter_process_date","type":"Expression"},"in_parameter_table_name":{"value":"@item().table_name","type":"Expression"}}},"externalReferences":{"connection":"[parameters('FabricDataPipelines user1')]"}}]}},{"name":"Filter only fact tables","type":"Filter","dependsOn":[{"activity":"ForEach dimension tables","dependencyConditions":["Succeeded"]}],"typeProperties":{"items":{"value":"@activity('Get tables').output.value","type":"Expression"},"condition":{"value":"@equals(item().is_fact_table, true)","type":"Expression"}}},{"name":"ForEach fact tables","type":"ForEach","dependsOn":[{"activity":"Filter only fact tables","dependencyConditions":["Succeeded"]}],"typeProperties":{"items":{"value":"@activity('Filter only fact tables').output.value","type":"Expression"},"batchCount":2,"activities":[{"name":"Pipeline silver process - fact tables","type":"InvokePipeline","dependsOn":[],"policy":{"timeout":"0.12:00:00","retry":0,"retryIntervalInSeconds":30,"secureOutput":false,"secureInput":false},"typeProperties":{"waitOnCompletion":true,"operationType":"InvokeFabricPipeline","pipelineId":"71d04bac-db48-4b8b-84e3-f9010ecac9b0","workspaceId":"c79d588e-f4a9-449a-b165-11944c320e41","parameters":{"in_parameter_run_id":{"value":"@pipeline().parameters.in_parameter_run_id","type":"Expression"},"in_parameter_process_date":{"value":"@pipeline().parameters.in_parameter_process_date","type":"Expression"},"in_parameter_table_name":{"value":"@item().table_name","type":"Expression"},"in_parameter_table_id":{"value":"@item().id","type":"Expression"}}},"externalReferences":{"connection":"[parameters('FabricDataPipelines user1')]"}}]}}],"parameters":{"in_parameter_run_id":{"type":"int","defaultValue":27},"in_parameter_process_date":{"type":"string","defaultValue":"2026-01-03"},"in_parameter_project_id":{"type":"int","defaultValue":1}},"lastModifiedByObjectId":"6c3a777b-e7a5-4045-9fd9-ef279f885972","lastPublishTime":"2026-01-04T17:25:59Z"},"dependsOn":[]},{"name":"04_pl_dw_staging","type":"pipelines","apiVersion":"2018-06-01","properties":{"activities":[{"name":"Get tables","type":"Lookup","dependsOn":[],"policy":{"timeout":"0.12:00:00","retry":0,"retryIntervalInSeconds":30,"secureOutput":false,"secureInput":false},"typeProperties":{"source":{"type":"AzureSqlSource","sqlReaderStoredProcedureName":"dbo.usp_list_tables_project","storedProcedureParameters":{"project_id":{"type":"Int32","value":{"value":"@pipeline().parameters.in_parameter_project_id","type":"Expression"}}},"queryTimeout":"02:00:00","partitionOption":"None"},"firstRowOnly":false,"datasetSettings":{"annotations":[],"type":"AzureSqlTable","schema":[],"typeProperties":{"database":"control_db"},"externalReferences":{"connection":"[parameters('azuresqlserver_control_db')]"}}}},{"name":"ForEach tables","type":"ForEach","dependsOn":[{"activity":"Get tables","dependencyConditions":["Succeeded"]}],"typeProperties":{"items":{"value":"@activity('Get tables').output.value","type":"Expression"},"batchCount":2,"activities":[{"name":"is fact table","type":"IfCondition","dependsOn":[],"typeProperties":{"expression":{"value":"@equals(item().is_fact_table, true)","type":"Expression"},"ifFalseActivities":[{"name":"Pipeline dw staging - dimension","type":"InvokePipeline","dependsOn":[],"policy":{"timeout":"0.12:00:00","retry":0,"retryIntervalInSeconds":30,"secureOutput":false,"secureInput":false},"typeProperties":{"waitOnCompletion":true,"operationType":"InvokeFabricPipeline","pipelineId":"4e51eaf2-555e-4562-a306-2ccd11c79bef","workspaceId":"c79d588e-f4a9-449a-b165-11944c320e41","parameters":{"in_parameter_run_id":{"value":"@pipeline().parameters.in_parameter_run_id","type":"Expression"},"in_parameter_table_name":{"value":"@item().table_name","type":"Expression"}}},"externalReferences":{"connection":"[parameters('FabricDataPipelines user1')]"}}],"ifTrueActivities":[{"name":"Pipeline dw staging - fact","type":"InvokePipeline","dependsOn":[],"policy":{"timeout":"0.12:00:00","retry":0,"retryIntervalInSeconds":30,"secureOutput":false,"secureInput":false},"typeProperties":{"waitOnCompletion":true,"operationType":"InvokeFabricPipeline","pipelineId":"1558d4ef-295a-40d4-b9fa-5c6c961b8658","workspaceId":"c79d588e-f4a9-449a-b165-11944c320e41","parameters":{"in_parameter_run_id":{"value":"@pipeline().parameters.in_parameter_run_id","type":"Expression"},"in_parameter_table_name":{"value":"@item().table_name","type":"Expression"},"in_parameter_table_id":{"value":"@item().id","type":"Expression"}}},"externalReferences":{"connection":"[parameters('FabricDataPipelines user1')]"}}]}}]}},{"name":"Load DimDate","type":"SqlServerStoredProcedure","dependsOn":[{"activity":"ForEach tables","dependencyConditions":["Succeeded"]}],"policy":{"timeout":"0.12:00:00","retry":0,"retryIntervalInSeconds":30,"secureOutput":false,"secureInput":false},"typeProperties":{"storedProcedureName":"staging.usp_load_DimDate"},"connectionSettings":{"name":"warehouse_main","properties":{"annotations":[],"type":"DataWarehouse","typeProperties":{"endpoint":"j3u3dnllawnebjrv5siuxwwqsa-rzmj3r5j6snejmlfcgkeymqoie.datawarehouse.fabric.microsoft.com","artifactId":"[parameters('warehouse_main')]","workspaceId":"c79d588e-f4a9-449a-b165-11944c320e41"},"externalReferences":{"connection":"5450ab17-c9ea-42d8-91cc-e97a8f963b9d"}}}}],"parameters":{"in_parameter_run_id":{"type":"int","defaultValue":43},"in_parameter_project_id":{"type":"int","defaultValue":1}},"variables":{"v_end_count":{"type":"Integer","defaultValue":0}},"lastModifiedByObjectId":"6c3a777b-e7a5-4045-9fd9-ef279f885972","lastPublishTime":"2026-01-05T21:08:56Z"},"dependsOn":[]},{"name":"05_pl_dw_production","type":"pipelines","apiVersion":"2018-06-01","properties":{"activities":[{"name":"Get tables","type":"Lookup","dependsOn":[],"policy":{"timeout":"0.12:00:00","retry":0,"retryIntervalInSeconds":30,"secureOutput":false,"secureInput":false},"typeProperties":{"source":{"type":"AzureSqlSource","sqlReaderStoredProcedureName":"dbo.usp_list_tables_project","storedProcedureParameters":{"project_id":{"type":"Int32","value":{"value":"@pipeline().parameters.in_parameter_project_id","type":"Expression"}}},"queryTimeout":"02:00:00","partitionOption":"None"},"firstRowOnly":false,"datasetSettings":{"annotations":[],"type":"AzureSqlTable","schema":[],"typeProperties":{"database":"control_db"},"externalReferences":{"connection":"[parameters('azuresqlserver_control_db')]"}}}},{"name":"Filter only dimension tables","type":"Filter","dependsOn":[{"activity":"Get tables","dependencyConditions":["Succeeded"]}],"typeProperties":{"items":{"value":"@activity('Get tables').output.value","type":"Expression"},"condition":{"value":"@equals(item().is_fact_table, false)","type":"Expression"}}},{"name":"ForEach dimension tables","type":"ForEach","dependsOn":[{"activity":"Filter only dimension tables","dependencyConditions":["Succeeded"]}],"typeProperties":{"items":{"value":"@activity('Filter only dimension tables').output.value","type":"Expression"},"batchCount":2,"activities":[{"name":"Pipeline dw production - dimension tables","type":"InvokePipeline","dependsOn":[],"policy":{"timeout":"0.12:00:00","retry":0,"retryIntervalInSeconds":30,"secureOutput":false,"secureInput":false},"typeProperties":{"waitOnCompletion":true,"operationType":"InvokeFabricPipeline","pipelineId":"0c5e4dfb-e8c7-4f82-a8db-543814ee1d61","workspaceId":"c79d588e-f4a9-449a-b165-11944c320e41","parameters":{"in_parameter_run_id":{"value":"@pipeline().parameters.in_parameter_run_id","type":"Expression"},"in_parameter_table_name":{"value":"@item().table_name","type":"Expression"}}},"externalReferences":{"connection":"[parameters('FabricDataPipelines user1')]"}}]}},{"name":"Filter only fact tables","type":"Filter","dependsOn":[{"activity":"Load DimDate","dependencyConditions":["Succeeded"]}],"typeProperties":{"items":{"value":"@activity('Get tables').output.value","type":"Expression"},"condition":{"value":"@equals(item().is_fact_table, true)","type":"Expression"}}},{"name":"ForEach fact tables","type":"ForEach","dependsOn":[{"activity":"Filter only fact tables","dependencyConditions":["Succeeded"]}],"typeProperties":{"items":{"value":"@activity('Filter only fact tables').output.value","type":"Expression"},"batchCount":2,"activities":[{"name":"Pipeline dw production - fact tables","type":"InvokePipeline","dependsOn":[],"policy":{"timeout":"0.12:00:00","retry":0,"retryIntervalInSeconds":30,"secureOutput":false,"secureInput":false},"typeProperties":{"waitOnCompletion":true,"operationType":"InvokeFabricPipeline","pipelineId":"202c2a40-5a41-4c23-ab5f-3ae16214ee0b","workspaceId":"c79d588e-f4a9-449a-b165-11944c320e41","parameters":{"in_parameter_run_id":{"value":"@pipeline().parameters.in_parameter_run_id","type":"Expression"},"in_parameter_table_name":{"value":"@item().table_name","type":"Expression"},"in_parameter_table_id":{"value":"@item().id","type":"Expression"}}},"externalReferences":{"connection":"[parameters('FabricDataPipelines user1')]"}}]}},{"name":"Load DimDate","type":"SqlServerStoredProcedure","dependsOn":[{"activity":"ForEach dimension tables","dependencyConditions":["Succeeded"]}],"policy":{"timeout":"0.12:00:00","retry":0,"retryIntervalInSeconds":30,"secureOutput":false,"secureInput":false},"typeProperties":{"storedProcedureName":"production.usp_load_DimDate"},"connectionSettings":{"name":"warehouse_main","properties":{"annotations":[],"type":"DataWarehouse","typeProperties":{"endpoint":"j3u3dnllawnebjrv5siuxwwqsa-rzmj3r5j6snejmlfcgkeymqoie.datawarehouse.fabric.microsoft.com","artifactId":"[parameters('warehouse_main')]","workspaceId":"c79d588e-f4a9-449a-b165-11944c320e41"},"externalReferences":{"connection":"5450ab17-c9ea-42d8-91cc-e97a8f963b9d"}}}}],"parameters":{"in_parameter_run_id":{"type":"int","defaultValue":53},"in_parameter_project_id":{"type":"int","defaultValue":1}},"lastModifiedByObjectId":"6c3a777b-e7a5-4045-9fd9-ef279f885972","lastPublishTime":"2026-01-05T22:07:17Z"},"dependsOn":[]},{"name":"03_pl_etl_silver_dimension_table","type":"pipelines","apiVersion":"2018-06-01","properties":{"activities":[{"name":"Start sub process","type":"SqlServerStoredProcedure","dependsOn":[{"activity":"Get start count rows","dependencyConditions":["Succeeded"]}],"policy":{"timeout":"0.12:00:00","retry":0,"retryIntervalInSeconds":30,"secureOutput":false,"secureInput":false},"typeProperties":{"storedProcedureName":"dbo.usp_start_sub_run","database":"control_db","storedProcedureParameters":{"run_id":{"value":{"value":"@pipeline().parameters.in_parameter_run_id","type":"Expression"},"type":"Int32"},"layer":{"value":{"value":"@concat('SILVER DIMENSION DATA - ', pipeline().parameters.in_parameter_table_name)","type":"Expression"},"type":"String"},"start_count":{"value":{"value":"@activity('Get start count rows').output.firstRow.start_count","type":"Expression"},"type":"Int32"}}},"externalReferences":{"connection":"[parameters('azuresqlserver_control_db')]"}},{"name":"End sub process","type":"SqlServerStoredProcedure","dependsOn":[{"activity":"Notebook silver layer","dependencyConditions":["Succeeded"]}],"policy":{"timeout":"0.12:00:00","retry":0,"retryIntervalInSeconds":30,"secureOutput":false,"secureInput":false},"typeProperties":{"storedProcedureName":"dbo.usp_end_sub_run","database":"control_db","storedProcedureParameters":{"run_id":{"value":{"value":"@pipeline().parameters.in_parameter_run_id","type":"Expression"},"type":"Int32"},"layer":{"value":{"value":"@concat('SILVER DIMENSION DATA - ', pipeline().parameters.in_parameter_table_name)","type":"Expression"},"type":"String"},"end_count":{"value":{"value":"@int(activity('Notebook silver layer').output.result.exitValue)","type":"Expression"},"type":"Int32"}}},"externalReferences":{"connection":"[parameters('azuresqlserver_control_db')]"}},{"name":"Get start count rows","type":"Lookup","dependsOn":[],"policy":{"timeout":"0.12:00:00","retry":0,"retryIntervalInSeconds":30,"secureOutput":false,"secureInput":false},"typeProperties":{"source":{"type":"LakehouseTableSource","sqlReaderQuery":{"value":"@concat('SELECT COUNT(1) AS start_count FROM lakehouse_main.bronze.', pipeline().parameters.in_parameter_table_name)","type":"Expression"},"partitionOption":"None"},"datasetSettings":{"annotations":[],"connectionSettings":{"name":"lakehouse_main","properties":{"annotations":[],"type":"Lakehouse","typeProperties":{"workspaceId":"c79d588e-f4a9-449a-b165-11944c320e41","artifactId":"[parameters('lakehouse_main')]","rootFolder":"Tables"},"externalReferences":{"connection":"0e6fa2f8-b708-442b-ae5b-dc5596b1a920"}}},"type":"LakehouseTable","schema":[],"typeProperties":{}}}},{"name":"Notebook silver layer","type":"TridentNotebook","dependsOn":[{"activity":"Start sub process","dependencyConditions":["Succeeded"]}],"policy":{"timeout":"0.12:00:00","retry":0,"retryIntervalInSeconds":30,"secureOutput":false,"secureInput":false},"typeProperties":{"notebookId":"b16945c1-439c-4b93-a77e-106874b3acfa","workspaceId":"c79d588e-f4a9-449a-b165-11944c320e41","parameters":{"in_parameter_run_id":{"value":{"value":"@pipeline().parameters.in_parameter_run_id","type":"Expression"},"type":"int"},"in_parameter_process_date":{"value":{"value":"@pipeline().parameters.in_parameter_process_date","type":"Expression"},"type":"string"},"in_parameter_table_name":{"value":{"value":"@pipeline().parameters.in_parameter_table_name","type":"Expression"},"type":"string"},"in_parameter_is_fact_table":{"value":false,"type":"bool"},"in_parameter_year":{"value":"0","type":"int"}}}},{"name":"Load logs back SQL Database","type":"Copy","dependsOn":[{"activity":"End sub process","dependencyConditions":["Succeeded"]}],"policy":{"timeout":"0.12:00:00","retry":0,"retryIntervalInSeconds":30,"secureOutput":false,"secureInput":false},"typeProperties":{"source":{"type":"LakehouseTableSource","datasetSettings":{"annotations":[],"connectionSettings":{"name":"lakehouse_main","properties":{"annotations":[],"type":"Lakehouse","typeProperties":{"workspaceId":"c79d588e-f4a9-449a-b165-11944c320e41","artifactId":"[parameters('lakehouse_main')]","rootFolder":"Tables"},"externalReferences":{"connection":"0e6fa2f8-b708-442b-ae5b-dc5596b1a920"}}},"type":"LakehouseTable","schema":[],"typeProperties":{"schema":"control","table":"logs"}}},"sink":{"type":"AzureSqlSink","writeBehavior":"insert","sqlWriterUseTableLock":false,"datasetSettings":{"annotations":[],"type":"AzureSqlTable","schema":[],"typeProperties":{"schema":"dbo","table":"logs","database":"control_db"},"externalReferences":{"connection":"[parameters('azuresqlserver_control_db')]"}}},"enableStaging":false,"translator":{"type":"TabularTranslator","mappings":[{"source":{"name":"run_id","type":"Int32","physicalType":"integer"},"sink":{"name":"run_id","physicalType":"int"}},{"source":{"name":"code","type":"String","physicalType":"string"},"sink":{"name":"code","physicalType":"char","length":"2"}},{"source":{"name":"description","type":"String","physicalType":"string"},"sink":{"name":"description","physicalType":"varchar","length":"MAX"}}],"typeConversion":true,"typeConversionSettings":{"allowDataTruncation":true,"treatBooleanAsNumber":false}}}}],"parameters":{"in_parameter_run_id":{"type":"int","defaultValue":36},"in_parameter_process_date":{"type":"string","defaultValue":"2026-01-04"},"in_parameter_table_name":{"type":"string","defaultValue":"DimDepartmentGroup"}},"lastModifiedByObjectId":"6c3a777b-e7a5-4045-9fd9-ef279f885972","lastPublishTime":"2026-01-05T03:16:53Z"},"dependsOn":[]},{"name":"03_pl_etl_silver_fact_table","type":"pipelines","apiVersion":"2018-06-01","properties":{"activities":[{"name":"Get year partitions","type":"Lookup","dependsOn":[],"policy":{"timeout":"0.12:00:00","retry":0,"retryIntervalInSeconds":30,"secureOutput":false,"secureInput":false},"typeProperties":{"source":{"type":"AzureSqlSource","sqlReaderStoredProcedureName":"dbo.usp_list_years_fact_table_to_process","storedProcedureParameters":{"table_id":{"type":"Int32","value":{"value":"@pipeline().parameters.in_parameter_table_id","type":"Expression"}}},"queryTimeout":"02:00:00","partitionOption":"None"},"firstRowOnly":false,"datasetSettings":{"annotations":[],"type":"AzureSqlTable","schema":[],"typeProperties":{"database":"control_db"},"externalReferences":{"connection":"[parameters('azuresqlserver_control_db')]"}}}},{"name":"ForEach partition","type":"ForEach","dependsOn":[{"activity":"Get year partitions","dependencyConditions":["Succeeded"]}],"typeProperties":{"items":{"value":"@activity('Get year partitions').output.value","type":"Expression"},"isSequential":true,"activities":[{"name":"Start sub process","type":"SqlServerStoredProcedure","dependsOn":[{"activity":"Get start count rows","dependencyConditions":["Succeeded"]}],"policy":{"timeout":"0.12:00:00","retry":0,"retryIntervalInSeconds":30,"secureOutput":false,"secureInput":false},"typeProperties":{"storedProcedureName":"dbo.usp_start_sub_run","database":"control_db","storedProcedureParameters":{"run_id":{"value":{"value":"@pipeline().parameters.in_parameter_run_id","type":"Expression"},"type":"Int32"},"layer":{"value":{"value":"@concat('SILVER FACT DATA - ', pipeline().parameters.in_parameter_table_name, ' - YEAR: ', string(item().year))","type":"Expression"},"type":"String"},"start_count":{"value":{"value":"@activity('Get start count rows').output.firstRow.start_count","type":"Expression"},"type":"Int32"}}},"externalReferences":{"connection":"[parameters('azuresqlserver_control_db')]"}},{"name":"End sub process","type":"SqlServerStoredProcedure","dependsOn":[{"activity":"Notebook silver layer","dependencyConditions":["Succeeded"]}],"policy":{"timeout":"0.12:00:00","retry":0,"retryIntervalInSeconds":30,"secureOutput":false,"secureInput":false},"typeProperties":{"storedProcedureName":"dbo.usp_end_sub_run","database":"control_db","storedProcedureParameters":{"run_id":{"value":{"value":"@pipeline().parameters.in_parameter_run_id","type":"Expression"},"type":"Int32"},"layer":{"value":{"value":"@concat('SILVER FACT DATA - ', pipeline().parameters.in_parameter_table_name, ' - YEAR: ', string(item().year))","type":"Expression"},"type":"String"},"end_count":{"value":{"value":"@int(activity('Notebook silver layer').output.result.exitValue)","type":"Expression"},"type":"Int32"}}},"externalReferences":{"connection":"[parameters('azuresqlserver_control_db')]"}},{"name":"Notebook silver layer","type":"TridentNotebook","dependsOn":[{"activity":"Start sub process","dependencyConditions":["Succeeded"]}],"policy":{"timeout":"0.12:00:00","retry":0,"retryIntervalInSeconds":30,"secureOutput":false,"secureInput":false},"typeProperties":{"notebookId":"b16945c1-439c-4b93-a77e-106874b3acfa","workspaceId":"c79d588e-f4a9-449a-b165-11944c320e41","parameters":{"in_parameter_run_id":{"value":{"value":"@pipeline().parameters.in_parameter_run_id","type":"Expression"},"type":"int"},"in_parameter_process_date":{"value":{"value":"@pipeline().parameters.in_parameter_process_date","type":"Expression"},"type":"string"},"in_parameter_table_name":{"value":{"value":"@pipeline().parameters.in_parameter_table_name","type":"Expression"},"type":"string"},"in_parameter_is_fact_table":{"value":true,"type":"bool"},"in_parameter_year":{"value":{"value":"@item().year","type":"Expression"},"type":"int"}}}},{"name":"Get start count rows","type":"Lookup","dependsOn":[],"policy":{"timeout":"0.12:00:00","retry":0,"retryIntervalInSeconds":30,"secureOutput":false,"secureInput":false},"typeProperties":{"source":{"type":"LakehouseTableSource","sqlReaderQuery":{"value":"@concat('SELECT COUNT(1) AS start_count FROM lakehouse_main.bronze.', pipeline().parameters.in_parameter_table_name, ' WHERE year = ', string(item().year))","type":"Expression"},"partitionOption":"None"},"datasetSettings":{"annotations":[],"connectionSettings":{"name":"lakehouse_main","properties":{"annotations":[],"type":"Lakehouse","typeProperties":{"workspaceId":"c79d588e-f4a9-449a-b165-11944c320e41","artifactId":"[parameters('lakehouse_main')]","rootFolder":"Tables"},"externalReferences":{"connection":"0e6fa2f8-b708-442b-ae5b-dc5596b1a920"}}},"type":"LakehouseTable","schema":[],"typeProperties":{}}}}]}}],"parameters":{"in_parameter_run_id":{"type":"int"},"in_parameter_process_date":{"type":"string"},"in_parameter_table_name":{"type":"string"},"in_parameter_table_id":{"type":"int"}},"lastModifiedByObjectId":"6c3a777b-e7a5-4045-9fd9-ef279f885972","lastPublishTime":"2026-01-05T17:09:23Z"},"dependsOn":[]},{"name":"05_pl_dw_production_dimension_table","type":"pipelines","apiVersion":"2018-06-01","properties":{"activities":[{"name":"Start process production","type":"SqlServerStoredProcedure","dependsOn":[{"activity":"Get start count rows","dependencyConditions":["Succeeded"]}],"policy":{"timeout":"0.12:00:00","retry":0,"retryIntervalInSeconds":30,"secureOutput":false,"secureInput":false},"typeProperties":{"storedProcedureName":"dbo.usp_start_sub_run","database":"control_db","storedProcedureParameters":{"run_id":{"value":{"value":"@pipeline().parameters.in_parameter_run_id","type":"Expression"},"type":"Int32"},"layer":{"value":{"value":"@concat('WS PRODUCTION DIMENSION DATA - ', pipeline().parameters.in_parameter_table_name)","type":"Expression"},"type":"String"},"start_count":{"value":{"value":"@activity('Get start count rows').output.firstRow.start_count","type":"Expression"},"type":"Int32"}}},"externalReferences":{"connection":"[parameters('azuresqlserver_control_db')]"}},{"name":"Get start count rows","type":"Lookup","dependsOn":[],"policy":{"timeout":"0.12:00:00","retry":0,"retryIntervalInSeconds":30,"secureOutput":false,"secureInput":false},"typeProperties":{"source":{"type":"DataWarehouseSource","sqlReaderQuery":{"value":"@concat('SELECT COUNT(1) AS start_count FROM staging.', pipeline().parameters.in_parameter_table_name)","type":"Expression"},"queryTimeout":"02:00:00","partitionOption":"None"},"datasetSettings":{"annotations":[],"connectionSettings":{"name":"warehouse_main","properties":{"annotations":[],"type":"DataWarehouse","typeProperties":{"endpoint":"j3u3dnllawnebjrv5siuxwwqsa-rzmj3r5j6snejmlfcgkeymqoie.datawarehouse.fabric.microsoft.com","artifactId":"[parameters('warehouse_main')]","workspaceId":"c79d588e-f4a9-449a-b165-11944c320e41"},"externalReferences":{"connection":"5450ab17-c9ea-42d8-91cc-e97a8f963b9d"}}},"type":"DataWarehouseTable","schema":[],"typeProperties":{}}}},{"name":"Load production table","type":"Lookup","dependsOn":[{"activity":"Start process production","dependencyConditions":["Succeeded"]}],"policy":{"timeout":"0.12:00:00","retry":0,"retryIntervalInSeconds":30,"secureOutput":false,"secureInput":false},"typeProperties":{"source":{"type":"DataWarehouseSource","sqlReaderStoredProcedureName":{"value":"@concat('production.usp_load_', pipeline().parameters.in_parameter_table_name)","type":"Expression"},"queryTimeout":"02:00:00","partitionOption":"None"},"datasetSettings":{"annotations":[],"connectionSettings":{"name":"warehouse_main","properties":{"annotations":[],"type":"DataWarehouse","typeProperties":{"endpoint":"j3u3dnllawnebjrv5siuxwwqsa-rzmj3r5j6snejmlfcgkeymqoie.datawarehouse.fabric.microsoft.com","artifactId":"[parameters('warehouse_main')]","workspaceId":"c79d588e-f4a9-449a-b165-11944c320e41"},"externalReferences":{"connection":"5450ab17-c9ea-42d8-91cc-e97a8f963b9d"}}},"type":"DataWarehouseTable","schema":[],"typeProperties":{}}}},{"name":"End process production","type":"SqlServerStoredProcedure","dependsOn":[{"activity":"Load production table","dependencyConditions":["Succeeded"]}],"policy":{"timeout":"0.12:00:00","retry":0,"retryIntervalInSeconds":30,"secureOutput":false,"secureInput":false},"typeProperties":{"storedProcedureName":"dbo.usp_end_sub_run","database":"control_db","storedProcedureParameters":{"run_id":{"value":{"value":"@pipeline().parameters.in_parameter_run_id","type":"Expression"},"type":"Int32"},"layer":{"value":{"value":"@concat('WS PRODUCTION DIMENSION DATA - ', pipeline().parameters.in_parameter_table_name)","type":"Expression"},"type":"String"},"end_count":{"value":{"value":"@activity('Load production table').output.firstRow.end_count","type":"Expression"},"type":"Int32"}}},"externalReferences":{"connection":"[parameters('azuresqlserver_control_db')]"}}],"parameters":{"in_parameter_run_id":{"type":"int"},"in_parameter_table_name":{"type":"string"}},"lastModifiedByObjectId":"6c3a777b-e7a5-4045-9fd9-ef279f885972","lastPublishTime":"2026-01-05T04:28:20Z"},"dependsOn":[]},{"name":"05_pl_dw_production_fact_table","type":"pipelines","apiVersion":"2018-06-01","properties":{"activities":[{"name":"Get year partitions","type":"Lookup","dependsOn":[],"policy":{"timeout":"0.12:00:00","retry":0,"retryIntervalInSeconds":30,"secureOutput":false,"secureInput":false},"typeProperties":{"source":{"type":"AzureSqlSource","sqlReaderStoredProcedureName":"dbo.usp_list_years_fact_table_to_process","storedProcedureParameters":{"table_id":{"type":"Int32","value":{"value":"@pipeline().parameters.in_parameter_table_id","type":"Expression"}}},"queryTimeout":"02:00:00","partitionOption":"None"},"firstRowOnly":false,"datasetSettings":{"annotations":[],"type":"AzureSqlTable","schema":[],"typeProperties":{"database":"control_db"},"externalReferences":{"connection":"[parameters('azuresqlserver_control_db')]"}}}},{"name":"ForEach partition","type":"ForEach","dependsOn":[{"activity":"Get year partitions","dependencyConditions":["Succeeded"]}],"typeProperties":{"items":{"value":"@activity('Get year partitions').output.value","type":"Expression"},"isSequential":true,"activities":[{"name":"Start sub process","type":"SqlServerStoredProcedure","dependsOn":[{"activity":"Get start count rows","dependencyConditions":["Succeeded"]}],"policy":{"timeout":"0.12:00:00","retry":0,"retryIntervalInSeconds":30,"secureOutput":false,"secureInput":false},"typeProperties":{"storedProcedureName":"dbo.usp_start_sub_run","database":"control_db","storedProcedureParameters":{"run_id":{"value":{"value":"@pipeline().parameters.in_parameter_run_id","type":"Expression"},"type":"Int32"},"layer":{"value":{"value":"@concat('WS PRODUCTION FACT DATA - ', pipeline().parameters.in_parameter_table_name, ' - YEAR: ', string(item().year))","type":"Expression"},"type":"String"},"start_count":{"value":{"value":"@activity('Get start count rows').output.firstRow.start_count","type":"Expression"},"type":"Int32"}}},"externalReferences":{"connection":"[parameters('azuresqlserver_control_db')]"}},{"name":"End sub process","type":"SqlServerStoredProcedure","dependsOn":[{"activity":"Load production table","dependencyConditions":["Succeeded"]}],"policy":{"timeout":"0.12:00:00","retry":0,"retryIntervalInSeconds":30,"secureOutput":false,"secureInput":false},"typeProperties":{"storedProcedureName":"dbo.usp_end_sub_run","database":"control_db","storedProcedureParameters":{"run_id":{"value":{"value":"@pipeline().parameters.in_parameter_run_id","type":"Expression"},"type":"Int32"},"layer":{"value":{"value":"@concat('WS PRODUCTION FACT DATA - ', pipeline().parameters.in_parameter_table_name, ' - YEAR: ', string(item().year))","type":"Expression"},"type":"String"},"end_count":{"value":{"value":"@activity('Load production table').output.firstRow.end_count","type":"Expression"},"type":"Int32"}}},"externalReferences":{"connection":"[parameters('azuresqlserver_control_db')]"}},{"name":"Get start count rows","type":"Lookup","dependsOn":[],"policy":{"timeout":"0.12:00:00","retry":0,"retryIntervalInSeconds":30,"secureOutput":false,"secureInput":false},"typeProperties":{"source":{"type":"DataWarehouseSource","sqlReaderQuery":{"value":"@concat('SELECT COUNT(1) AS start_count FROM staging.', pipeline().parameters.in_parameter_table_name, ' WHERE year = ', string(item().year))","type":"Expression"},"queryTimeout":"02:00:00","partitionOption":"None"},"datasetSettings":{"annotations":[],"connectionSettings":{"name":"warehouse_main","properties":{"annotations":[],"type":"DataWarehouse","typeProperties":{"endpoint":"j3u3dnllawnebjrv5siuxwwqsa-rzmj3r5j6snejmlfcgkeymqoie.datawarehouse.fabric.microsoft.com","artifactId":"[parameters('warehouse_main')]","workspaceId":"c79d588e-f4a9-449a-b165-11944c320e41"},"externalReferences":{"connection":"5450ab17-c9ea-42d8-91cc-e97a8f963b9d"}}},"type":"DataWarehouseTable","schema":[],"typeProperties":{}}}},{"name":"Load production table","type":"Lookup","dependsOn":[{"activity":"Start sub process","dependencyConditions":["Succeeded"]}],"policy":{"timeout":"0.12:00:00","retry":0,"retryIntervalInSeconds":30,"secureOutput":false,"secureInput":false},"typeProperties":{"source":{"type":"DataWarehouseSource","sqlReaderStoredProcedureName":{"value":"@concat('production.usp_load_', pipeline().parameters.in_parameter_table_name)","type":"Expression"},"storedProcedureParameters":{"year":{"type":"Int32","value":{"value":"@item().year","type":"Expression"}}},"queryTimeout":"02:00:00","partitionOption":"None"},"datasetSettings":{"annotations":[],"connectionSettings":{"name":"warehouse_main","properties":{"annotations":[],"type":"DataWarehouse","typeProperties":{"endpoint":"j3u3dnllawnebjrv5siuxwwqsa-rzmj3r5j6snejmlfcgkeymqoie.datawarehouse.fabric.microsoft.com","artifactId":"[parameters('warehouse_main')]","workspaceId":"c79d588e-f4a9-449a-b165-11944c320e41"},"externalReferences":{"connection":"5450ab17-c9ea-42d8-91cc-e97a8f963b9d"}}},"type":"DataWarehouseTable","schema":[],"typeProperties":{}}}}]}}],"parameters":{"in_parameter_run_id":{"type":"int"},"in_parameter_table_name":{"type":"string"},"in_parameter_table_id":{"type":"int"}},"lastModifiedByObjectId":"6c3a777b-e7a5-4045-9fd9-ef279f885972","lastPublishTime":"2026-01-06T16:24:17Z"},"dependsOn":[]},{"name":"02_pl_etl_bronze_dimension_table","type":"pipelines","apiVersion":"2018-06-01","properties":{"activities":[{"name":"Start sub process","type":"SqlServerStoredProcedure","dependsOn":[],"policy":{"timeout":"0.12:00:00","retry":0,"retryIntervalInSeconds":30,"secureOutput":false,"secureInput":false},"typeProperties":{"storedProcedureName":"dbo.usp_start_sub_run","database":"control_db","storedProcedureParameters":{"run_id":{"value":{"value":"@pipeline().parameters.in_parameter_run_id","type":"Expression"},"type":"Int32"},"layer":{"value":{"value":"@concat('BRONZE DIMENSION DATA - ', pipeline().parameters.in_parameter_table_name)","type":"Expression"},"type":"String"},"start_count":{"value":"0","type":"Int32"}}},"externalReferences":{"connection":"[parameters('azuresqlserver_control_db')]"}},{"name":"End sub process","type":"SqlServerStoredProcedure","dependsOn":[{"activity":"Notebook bronze layer","dependencyConditions":["Succeeded"]}],"policy":{"timeout":"0.12:00:00","retry":0,"retryIntervalInSeconds":30,"secureOutput":false,"secureInput":false},"typeProperties":{"storedProcedureName":"dbo.usp_end_sub_run","database":"control_db","storedProcedureParameters":{"run_id":{"value":{"value":"@pipeline().parameters.in_parameter_run_id","type":"Expression"},"type":"Int32"},"layer":{"value":{"value":"@concat('BRONZE DIMENSION DATA - ', pipeline().parameters.in_parameter_table_name)","type":"Expression"},"type":"String"},"end_count":{"value":{"value":"@int(activity('Notebook bronze layer').output.result.exitValue)","type":"Expression"},"type":"Int32"}}},"externalReferences":{"connection":"[parameters('azuresqlserver_control_db')]"}},{"name":"Notebook bronze layer","type":"TridentNotebook","dependsOn":[{"activity":"Start sub process","dependencyConditions":["Succeeded"]}],"policy":{"timeout":"0.12:00:00","retry":0,"retryIntervalInSeconds":30,"secureOutput":false,"secureInput":false},"typeProperties":{"notebookId":"82ee44f0-d7cc-48b4-af7f-f4008669807c","workspaceId":"c79d588e-f4a9-449a-b165-11944c320e41","parameters":{"in_parameter_run_id":{"value":{"value":"@pipeline().parameters.in_parameter_run_id","type":"Expression"},"type":"int"},"in_parameter_process_date":{"value":{"value":"@pipeline().parameters.in_parameter_process_date","type":"Expression"},"type":"string"},"in_parameter_table_name":{"value":{"value":"@pipeline().parameters.in_parameter_table_name","type":"Expression"},"type":"string"},"in_parameter_columns":{"value":{"value":"@pipeline().parameters.in_parameter_columns","type":"Expression"},"type":"string"}}}}],"parameters":{"in_parameter_run_id":{"type":"int"},"in_parameter_process_date":{"type":"string"},"in_parameter_project_id":{"type":"int"},"in_parameter_table_name":{"type":"string"},"in_parameter_columns":{"type":"string"}},"lastModifiedByObjectId":"6c3a777b-e7a5-4045-9fd9-ef279f885972","lastPublishTime":"2026-01-04T23:38:32Z"},"dependsOn":[]},{"name":"02_pl_etl_bronze_fact_table","type":"pipelines","apiVersion":"2018-06-01","properties":{"activities":[{"name":"Get year partitions","type":"Lookup","dependsOn":[],"policy":{"timeout":"0.12:00:00","retry":0,"retryIntervalInSeconds":30,"secureOutput":false,"secureInput":false},"typeProperties":{"source":{"type":"AzureSqlSource","sqlReaderStoredProcedureName":"dbo.usp_list_years_fact_table_to_process","storedProcedureParameters":{"table_id":{"type":"Int32","value":{"value":"@pipeline().parameters.in_parameter_table_id","type":"Expression"}}},"queryTimeout":"02:00:00","partitionOption":"None"},"firstRowOnly":false,"datasetSettings":{"annotations":[],"type":"AzureSqlTable","schema":[],"typeProperties":{"database":"control_db"},"externalReferences":{"connection":"[parameters('azuresqlserver_control_db')]"}}}},{"name":"ForEach partition","type":"ForEach","dependsOn":[{"activity":"Get year partitions","dependencyConditions":["Succeeded"]}],"typeProperties":{"items":{"value":"@activity('Get year partitions').output.value","type":"Expression"},"isSequential":true,"activities":[{"name":"Notebook bronze layer","type":"TridentNotebook","dependsOn":[{"activity":"Start sub process","dependencyConditions":["Succeeded"]}],"policy":{"timeout":"0.12:00:00","retry":0,"retryIntervalInSeconds":30,"secureOutput":false,"secureInput":false},"typeProperties":{"notebookId":"6299da4f-4098-4861-8e32-99716aac8429","workspaceId":"c79d588e-f4a9-449a-b165-11944c320e41","parameters":{"in_parameter_run_id":{"value":{"value":"@pipeline().parameters.in_parameter_run_id","type":"Expression"},"type":"int"},"in_parameter_process_date":{"value":{"value":"@pipeline().parameters.in_parameter_process_date","type":"Expression"},"type":"string"},"in_parameter_table_name":{"value":{"value":"@pipeline().parameters.in_parameter_table_name","type":"Expression"},"type":"string"},"in_parameter_columns":{"value":{"value":"@pipeline().parameters.in_parameter_columns","type":"Expression"},"type":"string"},"in_parameter_year":{"value":{"value":"@item().year","type":"Expression"},"type":"int"}}}},{"name":"Start sub process","type":"SqlServerStoredProcedure","dependsOn":[],"policy":{"timeout":"0.12:00:00","retry":0,"retryIntervalInSeconds":30,"secureOutput":false,"secureInput":false},"typeProperties":{"storedProcedureName":"dbo.usp_start_sub_run","database":"control_db","storedProcedureParameters":{"run_id":{"value":{"value":"@pipeline().parameters.in_parameter_run_id","type":"Expression"},"type":"Int32"},"layer":{"value":{"value":"@concat('BRONZE FACT DATA - ', pipeline().parameters.in_parameter_table_name, ' - YEAR: ', string(item().year))","type":"Expression"},"type":"String"},"start_count":{"value":"0","type":"Int32"}}},"externalReferences":{"connection":"[parameters('azuresqlserver_control_db')]"}},{"name":"End sub process","type":"SqlServerStoredProcedure","dependsOn":[{"activity":"Notebook bronze layer","dependencyConditions":["Succeeded"]}],"policy":{"timeout":"0.12:00:00","retry":0,"retryIntervalInSeconds":30,"secureOutput":false,"secureInput":false},"typeProperties":{"storedProcedureName":"dbo.usp_end_sub_run","database":"control_db","storedProcedureParameters":{"run_id":{"value":{"value":"@pipeline().parameters.in_parameter_run_id","type":"Expression"},"type":"Int32"},"layer":{"value":{"value":"@concat('BRONZE FACT DATA - ', pipeline().parameters.in_parameter_table_name, ' - YEAR: ', string(item().year))","type":"Expression"},"type":"String"},"end_count":{"value":{"value":"@int(activity('Notebook bronze layer').output.result.exitValue)","type":"Expression"},"type":"Int32"}}},"externalReferences":{"connection":"[parameters('azuresqlserver_control_db')]"}}]}}],"parameters":{"in_parameter_run_id":{"type":"int"},"in_parameter_process_date":{"type":"string"},"in_parameter_project_id":{"type":"int"},"in_parameter_table_name":{"type":"string"},"in_parameter_columns":{"type":"string"},"in_parameter_table_id":{"type":"int"}},"lastModifiedByObjectId":"6c3a777b-e7a5-4045-9fd9-ef279f885972","lastPublishTime":"2026-01-05T17:09:38Z"},"dependsOn":[]},{"name":"04_pl_dw_staging_dimension_table","type":"pipelines","apiVersion":"2018-06-01","properties":{"activities":[{"name":"Start process staging","type":"SqlServerStoredProcedure","dependsOn":[{"activity":"Get start count rows","dependencyConditions":["Succeeded"]}],"policy":{"timeout":"0.12:00:00","retry":0,"retryIntervalInSeconds":30,"secureOutput":false,"secureInput":false},"typeProperties":{"storedProcedureName":"dbo.usp_start_sub_run","database":"control_db","storedProcedureParameters":{"run_id":{"value":{"value":"@pipeline().parameters.in_parameter_run_id","type":"Expression"},"type":"Int32"},"layer":{"value":{"value":"@concat('WS STAGING DIMENSION DATA - ', pipeline().parameters.in_parameter_table_name)","type":"Expression"},"type":"String"},"start_count":{"value":{"value":"@activity('Get start count rows').output.firstRow.start_count","type":"Expression"},"type":"Int32"}}},"externalReferences":{"connection":"[parameters('azuresqlserver_control_db')]"}},{"name":"Get start count rows","type":"Lookup","dependsOn":[],"policy":{"timeout":"0.12:00:00","retry":0,"retryIntervalInSeconds":30,"secureOutput":false,"secureInput":false},"typeProperties":{"source":{"type":"LakehouseTableSource","sqlReaderQuery":{"value":"@concat('SELECT COUNT(1) AS start_count FROM lakehouse_main.silver.', pipeline().parameters.in_parameter_table_name)","type":"Expression"},"partitionOption":"None"},"datasetSettings":{"annotations":[],"connectionSettings":{"name":"lakehouse_main","properties":{"annotations":[],"type":"Lakehouse","typeProperties":{"workspaceId":"c79d588e-f4a9-449a-b165-11944c320e41","artifactId":"[parameters('lakehouse_main')]","rootFolder":"Tables"},"externalReferences":{"connection":"0e6fa2f8-b708-442b-ae5b-dc5596b1a920"}}},"type":"LakehouseTable","schema":[],"typeProperties":{}}}},{"name":"Truncate staging table","type":"Script","dependsOn":[{"activity":"Start process staging","dependencyConditions":["Succeeded"]}],"policy":{"timeout":"0.12:00:00","retry":0,"retryIntervalInSeconds":30,"secureOutput":false,"secureInput":false},"connectionSettings":{"name":"warehouse_main","properties":{"annotations":[],"type":"DataWarehouse","typeProperties":{"endpoint":"j3u3dnllawnebjrv5siuxwwqsa-rzmj3r5j6snejmlfcgkeymqoie.datawarehouse.fabric.microsoft.com","artifactId":"[parameters('warehouse_main')]","workspaceId":"c79d588e-f4a9-449a-b165-11944c320e41"},"externalReferences":{"connection":"5450ab17-c9ea-42d8-91cc-e97a8f963b9d"}}},"typeProperties":{"scripts":[{"type":"Query","text":{"value":"@concat('TRUNCATE TABLE staging.', pipeline().parameters.in_parameter_table_name)","type":"Expression"}}],"scriptBlockExecutionTimeout":"02:00:00"}},{"name":"Load staging table","type":"Lookup","dependsOn":[{"activity":"Truncate staging table","dependencyConditions":["Succeeded"]}],"policy":{"timeout":"0.12:00:00","retry":0,"retryIntervalInSeconds":30,"secureOutput":false,"secureInput":false},"typeProperties":{"source":{"type":"DataWarehouseSource","sqlReaderStoredProcedureName":{"value":"@concat('staging.usp_load_', pipeline().parameters.in_parameter_table_name)","type":"Expression"},"queryTimeout":"02:00:00","partitionOption":"None"},"datasetSettings":{"annotations":[],"connectionSettings":{"name":"warehouse_main","properties":{"annotations":[],"type":"DataWarehouse","typeProperties":{"endpoint":"j3u3dnllawnebjrv5siuxwwqsa-rzmj3r5j6snejmlfcgkeymqoie.datawarehouse.fabric.microsoft.com","artifactId":"[parameters('warehouse_main')]","workspaceId":"c79d588e-f4a9-449a-b165-11944c320e41"},"externalReferences":{"connection":"5450ab17-c9ea-42d8-91cc-e97a8f963b9d"}}},"type":"DataWarehouseTable","schema":[],"typeProperties":{}}}},{"name":"End process staging","type":"SqlServerStoredProcedure","dependsOn":[{"activity":"Load staging table","dependencyConditions":["Succeeded"]}],"policy":{"timeout":"0.12:00:00","retry":0,"retryIntervalInSeconds":30,"secureOutput":false,"secureInput":false},"typeProperties":{"storedProcedureName":"dbo.usp_end_sub_run","database":"control_db","storedProcedureParameters":{"run_id":{"value":{"value":"@pipeline().parameters.in_parameter_run_id","type":"Expression"},"type":"Int32"},"layer":{"value":{"value":"@concat('WS STAGING DIMENSION DATA - ', pipeline().parameters.in_parameter_table_name)","type":"Expression"},"type":"String"},"end_count":{"value":{"value":"@activity('Load staging table').output.firstRow.end_count","type":"Expression"},"type":"Int32"}}},"externalReferences":{"connection":"[parameters('azuresqlserver_control_db')]"}}],"parameters":{"in_parameter_run_id":{"type":"int"},"in_parameter_table_name":{"type":"string"}},"lastModifiedByObjectId":"6c3a777b-e7a5-4045-9fd9-ef279f885972","lastPublishTime":"2026-01-05T03:25:44Z"},"dependsOn":[]},{"name":"04_pl_dw_staging_fact_table","type":"pipelines","apiVersion":"2018-06-01","properties":{"activities":[{"name":"Get year partitions","type":"Lookup","dependsOn":[],"policy":{"timeout":"0.12:00:00","retry":0,"retryIntervalInSeconds":30,"secureOutput":false,"secureInput":false},"typeProperties":{"source":{"type":"AzureSqlSource","sqlReaderStoredProcedureName":"dbo.usp_list_years_fact_table_to_process","storedProcedureParameters":{"table_id":{"type":"Int32","value":{"value":"@pipeline().parameters.in_parameter_table_id","type":"Expression"}}},"queryTimeout":"02:00:00","partitionOption":"None"},"firstRowOnly":false,"datasetSettings":{"annotations":[],"type":"AzureSqlTable","schema":[],"typeProperties":{"database":"control_db"},"externalReferences":{"connection":"[parameters('azuresqlserver_control_db')]"}}}},{"name":"ForEach partition","type":"ForEach","dependsOn":[{"activity":"Get year partitions","dependencyConditions":["Succeeded"]}],"typeProperties":{"items":{"value":"@activity('Get year partitions').output.value","type":"Expression"},"isSequential":true,"activities":[{"name":"Start sub process","type":"SqlServerStoredProcedure","dependsOn":[{"activity":"Get start count rows","dependencyConditions":["Succeeded"]}],"policy":{"timeout":"0.12:00:00","retry":0,"retryIntervalInSeconds":30,"secureOutput":false,"secureInput":false},"typeProperties":{"storedProcedureName":"dbo.usp_start_sub_run","database":"control_db","storedProcedureParameters":{"run_id":{"value":{"value":"@pipeline().parameters.in_parameter_run_id","type":"Expression"},"type":"Int32"},"layer":{"value":{"value":"@concat('WS STAGING FACT DATA - ', pipeline().parameters.in_parameter_table_name, ' - YEAR: ', string(item().year))","type":"Expression"},"type":"String"},"start_count":{"value":{"value":"@activity('Get start count rows').output.firstRow.start_count","type":"Expression"},"type":"Int32"}}},"externalReferences":{"connection":"[parameters('azuresqlserver_control_db')]"}},{"name":"End sub process","type":"SqlServerStoredProcedure","dependsOn":[{"activity":"Load staging table","dependencyConditions":["Succeeded"]}],"policy":{"timeout":"0.12:00:00","retry":0,"retryIntervalInSeconds":30,"secureOutput":false,"secureInput":false},"typeProperties":{"storedProcedureName":"dbo.usp_end_sub_run","database":"control_db","storedProcedureParameters":{"run_id":{"value":{"value":"@pipeline().parameters.in_parameter_run_id","type":"Expression"},"type":"Int32"},"layer":{"value":{"value":"@concat('WS STAGING FACT DATA - ', pipeline().parameters.in_parameter_table_name, ' - YEAR: ', string(item().year))","type":"Expression"},"type":"String"},"end_count":{"value":{"value":"@activity('Load staging table').output.firstRow.end_count","type":"Expression"},"type":"Int32"}}},"externalReferences":{"connection":"[parameters('azuresqlserver_control_db')]"}},{"name":"Get start count rows","type":"Lookup","dependsOn":[],"policy":{"timeout":"0.12:00:00","retry":0,"retryIntervalInSeconds":30,"secureOutput":false,"secureInput":false},"typeProperties":{"source":{"type":"LakehouseTableSource","sqlReaderQuery":{"value":"@concat('SELECT COUNT(1) AS start_count FROM lakehouse_main.silver.', pipeline().parameters.in_parameter_table_name, ' WHERE year = ', string(item().year))","type":"Expression"},"partitionOption":"None"},"datasetSettings":{"annotations":[],"connectionSettings":{"name":"lakehouse_main","properties":{"annotations":[],"type":"Lakehouse","typeProperties":{"workspaceId":"c79d588e-f4a9-449a-b165-11944c320e41","artifactId":"[parameters('lakehouse_main')]","rootFolder":"Tables"},"externalReferences":{"connection":"0e6fa2f8-b708-442b-ae5b-dc5596b1a920"}}},"type":"LakehouseTable","schema":[],"typeProperties":{}}}},{"name":"Remove data year staging table","type":"Script","dependsOn":[{"activity":"Start sub process","dependencyConditions":["Succeeded"]}],"policy":{"timeout":"0.12:00:00","retry":0,"retryIntervalInSeconds":30,"secureOutput":false,"secureInput":false},"connectionSettings":{"name":"warehouse_main","properties":{"annotations":[],"type":"DataWarehouse","typeProperties":{"endpoint":"j3u3dnllawnebjrv5siuxwwqsa-rzmj3r5j6snejmlfcgkeymqoie.datawarehouse.fabric.microsoft.com","artifactId":"[parameters('warehouse_main')]","workspaceId":"c79d588e-f4a9-449a-b165-11944c320e41"},"externalReferences":{"connection":"5450ab17-c9ea-42d8-91cc-e97a8f963b9d"}}},"typeProperties":{"scripts":[{"type":"Query","text":{"value":"@concat('DELETE FROM staging.', pipeline().parameters.in_parameter_table_name, ' WHERE year = ', string(item().year))","type":"Expression"}}],"scriptBlockExecutionTimeout":"02:00:00"}},{"name":"Load staging table","type":"Lookup","dependsOn":[{"activity":"Remove data year staging table","dependencyConditions":["Succeeded"]}],"policy":{"timeout":"0.12:00:00","retry":0,"retryIntervalInSeconds":30,"secureOutput":false,"secureInput":false},"typeProperties":{"source":{"type":"DataWarehouseSource","sqlReaderStoredProcedureName":{"value":"@concat('staging.usp_load_', pipeline().parameters.in_parameter_table_name)","type":"Expression"},"storedProcedureParameters":{"year":{"type":"Int32","value":{"value":"@item().year","type":"Expression"}}},"queryTimeout":"02:00:00","partitionOption":"None"},"datasetSettings":{"annotations":[],"connectionSettings":{"name":"warehouse_main","properties":{"annotations":[],"type":"DataWarehouse","typeProperties":{"endpoint":"j3u3dnllawnebjrv5siuxwwqsa-rzmj3r5j6snejmlfcgkeymqoie.datawarehouse.fabric.microsoft.com","artifactId":"[parameters('warehouse_main')]","workspaceId":"c79d588e-f4a9-449a-b165-11944c320e41"},"externalReferences":{"connection":"5450ab17-c9ea-42d8-91cc-e97a8f963b9d"}}},"type":"DataWarehouseTable","schema":[],"typeProperties":{}}}}]}}],"parameters":{"in_parameter_run_id":{"type":"int"},"in_parameter_table_name":{"type":"string"},"in_parameter_table_id":{"type":"int"}},"lastModifiedByObjectId":"6c3a777b-e7a5-4045-9fd9-ef279f885972","lastPublishTime":"2026-01-06T16:24:45Z"},"dependsOn":[]}]}