{"$schema":"http://schema.management.azure.com/schemas/2015-01-01/deploymentTemplate.json#","contentVersion":"1.0.0.0","parameters":{"storage-synapse-projects":{"type":"string"},"azuresqlserver_control_db":{"type":"string"},"FabricDataPipelines user1":{"type":"string"},"lakehouse_main":{"type":"string"},"warehouse_main":{"type":"string"}},"variables":{},"resources":[{"name":"01_pl_main","type":"pipelines","apiVersion":"2018-06-01","properties":{"activities":[{"name":"Get list of files","type":"GetMetadata","dependsOn":[{"activity":"Set run_id","dependencyConditions":["Succeeded"]},{"activity":"Set process_date","dependencyConditions":["Succeeded"]}],"policy":{"timeout":"0.12:00:00","retry":0,"retryIntervalInSeconds":30,"secureOutput":false,"secureInput":false},"typeProperties":{"fieldList":["childItems"],"datasetSettings":{"annotations":[],"type":"DelimitedText","typeProperties":{"location":{"type":"AzureBlobFSLocation","fileSystem":{"value":"@pipeline().parameters.in_parameter_path_source","type":"Expression"}},"columnDelimiter":",","escapeChar":"\\","firstRowAsHeader":true,"quoteChar":"\""},"schema":[],"externalReferences":{"connection":"[parameters('storage-synapse-projects')]"}},"storeSettings":{"type":"AzureBlobFSReadSettings","recursive":true,"enablePartitionDiscovery":false},"formatSettings":{"type":"DelimitedTextReadSettings"}}},{"name":"Are there files","type":"IfCondition","dependsOn":[{"activity":"Get list of files","dependencyConditions":["Succeeded"]}],"typeProperties":{"expression":{"value":"@greater(length(activity('Get list of files').output.childItems), 0)","type":"Expression"},"ifFalseActivities":[{"name":"Register log no flies","type":"SqlServerStoredProcedure","dependsOn":[],"policy":{"timeout":"0.12:00:00","retry":0,"retryIntervalInSeconds":30,"secureOutput":false,"secureInput":false},"typeProperties":{"storedProcedureName":"study_space_missions_db.register_log","database":"control_db","storedProcedureParameters":{"run_id":{"value":{"value":"@variables('v_run_id')","type":"Expression"},"type":"Int32"},"code":{"value":"01","type":"String"},"description":{"value":"There are no files to process","type":"String"}}},"externalReferences":{"connection":"[parameters('azuresqlserver_control_db')]"}}],"ifTrueActivities":[{"name":"ETL process","type":"InvokePipeline","dependsOn":[],"policy":{"timeout":"0.12:00:00","retry":0,"retryIntervalInSeconds":30,"secureOutput":false,"secureInput":false},"typeProperties":{"waitOnCompletion":true,"operationType":"InvokeFabricPipeline","pipelineId":"3b4392fc-4325-46f3-9346-4096f12da5dd","workspaceId":"b901cb7c-57e8-4fe0-8cd9-8e4287839d30","parameters":{"in_parameter_path_source":{"value":"@pipeline().parameters.in_parameter_path_source","type":"Expression"},"in_parameter_is_initial":{"value":"@pipeline().parameters.in_parameter_is_initial","type":"Expression"},"in_parameter_path_destination":{"value":"@pipeline().parameters.in_parameter_path_destination","type":"Expression"},"in_parameter_run_id":{"value":"@variables('v_run_id')","type":"Expression"},"in_parameter_process_date":{"value":"@variables('v_process_date')","type":"Expression"},"in_parameter_path_archive":{"value":"@pipeline().parameters.in_parameter_path_archive","type":"Expression"}}},"externalReferences":{"connection":"[parameters('FabricDataPipelines user1')]"}}]}},{"name":"Start process","type":"Lookup","dependsOn":[],"policy":{"timeout":"0.12:00:00","retry":0,"retryIntervalInSeconds":30,"secureOutput":false,"secureInput":false},"typeProperties":{"source":{"type":"AzureSqlSource","sqlReaderStoredProcedureName":"study_space_missions_db.usp_start_run","queryTimeout":"02:00:00","partitionOption":"None"},"datasetSettings":{"annotations":[],"type":"AzureSqlTable","schema":[],"typeProperties":{"schema":"study_space_missions_db","table":"usp_start_process","database":"control_db"},"externalReferences":{"connection":"[parameters('azuresqlserver_control_db')]"}}}},{"name":"Set run_id","type":"SetVariable","dependsOn":[{"activity":"Start process","dependencyConditions":["Succeeded"]}],"policy":{"secureOutput":false,"secureInput":false},"typeProperties":{"variableName":"v_run_id","value":{"value":"@activity('Start process').output.firstRow.id","type":"Expression"}}},{"name":"Set process_date","type":"SetVariable","dependsOn":[{"activity":"Start process","dependencyConditions":["Succeeded"]}],"policy":{"secureOutput":false,"secureInput":false},"typeProperties":{"variableName":"v_process_date","value":{"value":"@activity('Start process').output.firstRow.start_process_date","type":"Expression"}}},{"name":"End process","type":"SqlServerStoredProcedure","dependsOn":[{"activity":"Are there files","dependencyConditions":["Succeeded"]}],"policy":{"timeout":"0.12:00:00","retry":0,"retryIntervalInSeconds":30,"secureOutput":false,"secureInput":false},"typeProperties":{"storedProcedureName":"study_space_missions_db.usp_end_run","database":"control_db","storedProcedureParameters":{"id":{"value":{"value":"@variables('v_run_id')","type":"Expression"},"type":"Int32"}}},"externalReferences":{"connection":"[parameters('azuresqlserver_control_db')]"}}],"parameters":{"in_parameter_path_source":{"type":"string","defaultValue":"raw/study_space_missions"},"in_parameter_path_destination":{"type":"string","defaultValue":"raw"},"in_parameter_is_initial":{"type":"bool","defaultValue":true},"in_parameter_path_archive":{"type":"string","defaultValue":"archive"}},"variables":{"v_run_id":{"type":"Integer"},"v_process_date":{"type":"String"}},"lastModifiedByObjectId":"6c3a777b-e7a5-4045-9fd9-ef279f885972","lastPublishTime":"2025-12-05T15:38:42Z"},"dependsOn":[]},{"name":"02_pl_sub_main","type":"pipelines","apiVersion":"2018-06-01","properties":{"activities":[{"name":"Get list of files","type":"GetMetadata","dependsOn":[],"policy":{"timeout":"0.12:00:00","retry":0,"retryIntervalInSeconds":30,"secureOutput":false,"secureInput":false},"typeProperties":{"fieldList":["childItems"],"datasetSettings":{"annotations":[],"type":"DelimitedText","typeProperties":{"location":{"type":"AzureBlobFSLocation","fileSystem":{"value":"@pipeline().parameters.in_parameter_path_source","type":"Expression"}},"columnDelimiter":",","escapeChar":"\\","firstRowAsHeader":true,"quoteChar":"\""},"schema":[],"externalReferences":{"connection":"[parameters('storage-synapse-projects')]"}},"storeSettings":{"type":"AzureBlobFSReadSettings","recursive":true,"enablePartitionDiscovery":false},"formatSettings":{"type":"DelimitedTextReadSettings"}}},{"name":"Extract each file","type":"ForEach","dependsOn":[{"activity":"Load validation rules","dependencyConditions":["Succeeded"]}],"typeProperties":{"items":{"value":"@activity('Get list of files').output.childItems","type":"Expression"},"activities":[{"name":"Extract data","type":"Copy","dependsOn":[],"policy":{"timeout":"0.12:00:00","retry":0,"retryIntervalInSeconds":30,"secureOutput":false,"secureInput":false},"typeProperties":{"source":{"type":"DelimitedTextSource","storeSettings":{"type":"AzureBlobFSReadSettings","recursive":true,"enablePartitionDiscovery":false},"formatSettings":{"type":"DelimitedTextReadSettings"},"datasetSettings":{"annotations":[],"type":"DelimitedText","typeProperties":{"location":{"type":"AzureBlobFSLocation","fileName":{"value":"@item().name","type":"Expression"},"fileSystem":{"value":"@pipeline().parameters.in_parameter_path_source","type":"Expression"}},"columnDelimiter":",","escapeChar":"\\","firstRowAsHeader":true,"quoteChar":"\""},"schema":[],"externalReferences":{"connection":"[parameters('storage-synapse-projects')]"}}},"sink":{"type":"DelimitedTextSink","storeSettings":{"type":"LakehouseWriteSettings"},"formatSettings":{"type":"DelimitedTextWriteSettings","fileExtension":".txt"},"datasetSettings":{"annotations":[],"connectionSettings":{"name":"lakehouse_main","properties":{"annotations":[],"type":"Lakehouse","typeProperties":{"workspaceId":"b901cb7c-57e8-4fe0-8cd9-8e4287839d30","artifactId":"[parameters('lakehouse_main')]","rootFolder":"Files"},"externalReferences":{"connection":"0e6fa2f8-b708-442b-ae5b-dc5596b1a920"}}},"type":"DelimitedText","typeProperties":{"location":{"type":"LakehouseLocation","fileName":{"value":"@item().name","type":"Expression"},"folderPath":{"value":"@pipeline().parameters.in_parameter_path_destination","type":"Expression"}},"columnDelimiter":",","escapeChar":"\\","firstRowAsHeader":true,"quoteChar":"\""},"schema":[]}},"enableStaging":false,"translator":{"type":"TabularTranslator","typeConversion":true,"typeConversionSettings":{"allowDataTruncation":true,"treatBooleanAsNumber":false}}}},{"name":"Register log copy files","type":"SqlServerStoredProcedure","dependsOn":[{"activity":"Extract data","dependencyConditions":["Succeeded"]}],"policy":{"timeout":"0.12:00:00","retry":0,"retryIntervalInSeconds":30,"secureOutput":false,"secureInput":false},"typeProperties":{"storedProcedureName":"study_space_missions_db.register_log","database":"control_db","storedProcedureParameters":{"run_id":{"value":{"value":"@pipeline().parameters.in_parameter_run_id","type":"Expression"},"type":"Int32"},"code":{"value":"02","type":"String"},"description":{"value":"Files copied","type":"String"}}},"externalReferences":{"connection":"[parameters('azuresqlserver_control_db')]"}}]}},{"name":"Is initial","type":"IfCondition","dependsOn":[{"activity":"Extract each file","dependencyConditions":["Succeeded"]}],"typeProperties":{"expression":{"value":"@equals(pipeline().parameters.in_parameter_is_initial, true)","type":"Expression"},"ifFalseActivities":[{"name":"ETL medallion incremental process","type":"InvokePipeline","dependsOn":[],"policy":{"timeout":"0.12:00:00","retry":0,"retryIntervalInSeconds":30,"secureOutput":false,"secureInput":false},"typeProperties":{"waitOnCompletion":true,"operationType":"InvokeFabricPipeline","pipelineId":"ecc31a2b-11b9-4005-9023-6430a9129102","workspaceId":"b901cb7c-57e8-4fe0-8cd9-8e4287839d30","parameters":{"in_parameter_run_id":{"value":"@pipeline().parameters.in_parameter_run_id","type":"Expression"},"in_parameter_process_date":{"value":"@pipeline().parameters.in_parameter_process_date","type":"Expression"}}},"externalReferences":{"connection":"[parameters('FabricDataPipelines user1')]"}},{"name":"Load incremental gold warehouse","type":"InvokePipeline","dependsOn":[{"activity":"ETL medallion incremental process","dependencyConditions":["Succeeded"]}],"policy":{"timeout":"0.12:00:00","retry":0,"retryIntervalInSeconds":30,"secureOutput":false,"secureInput":false},"typeProperties":{"waitOnCompletion":true,"operationType":"InvokeFabricPipeline","pipelineId":"7101e835-59d4-4058-85c2-6bee58c2351f","workspaceId":"b901cb7c-57e8-4fe0-8cd9-8e4287839d30","parameters":{"in_parameter_run_id":{"value":"@pipeline().parameters.in_parameter_run_id","type":"Expression"},"in_parameter_process_date":{"value":"@substring(pipeline().parameters.in_parameter_process_date, 0, 10)","type":"Expression"}}},"externalReferences":{"connection":"[parameters('FabricDataPipelines user1')]"}}],"ifTrueActivities":[{"name":"Initial load preparation","type":"TridentNotebook","dependsOn":[{"activity":"Start sub process cleaning","dependencyConditions":["Succeeded"]}],"policy":{"timeout":"0.12:00:00","retry":0,"retryIntervalInSeconds":30,"secureOutput":false,"secureInput":false},"typeProperties":{"notebookId":"3d99fc5a-90fe-4a74-9cfc-21b0ce387b55","workspaceId":"b901cb7c-57e8-4fe0-8cd9-8e4287839d30"}},{"name":"ETL medallion initial process","type":"InvokePipeline","dependsOn":[{"activity":"End sub process cleaning","dependencyConditions":["Succeeded"]}],"policy":{"timeout":"0.12:00:00","retry":0,"retryIntervalInSeconds":30,"secureOutput":false,"secureInput":false},"typeProperties":{"waitOnCompletion":true,"operationType":"InvokeFabricPipeline","pipelineId":"ecc31a2b-11b9-4005-9023-6430a9129102","workspaceId":"b901cb7c-57e8-4fe0-8cd9-8e4287839d30","parameters":{"in_parameter_run_id":{"value":"@pipeline().parameters.in_parameter_run_id","type":"Expression"},"in_parameter_process_date":{"value":"@pipeline().parameters.in_parameter_process_date","type":"Expression"}}},"externalReferences":{"connection":"[parameters('FabricDataPipelines user1')]"}},{"name":"Start sub process cleaning","type":"SqlServerStoredProcedure","dependsOn":[],"policy":{"timeout":"0.12:00:00","retry":0,"retryIntervalInSeconds":30,"secureOutput":false,"secureInput":false},"typeProperties":{"storedProcedureName":"study_space_missions_db.usp_start_sub_run","database":"control_db","storedProcedureParameters":{"run_id":{"value":{"value":"@pipeline().parameters.in_parameter_run_id","type":"Expression"},"type":"Int32"},"layer":{"value":"CLEANING","type":"String"},"start_count":{"value":"0","type":"Int32"}}},"externalReferences":{"connection":"[parameters('azuresqlserver_control_db')]"}},{"name":"End sub process cleaning","type":"SqlServerStoredProcedure","dependsOn":[{"activity":"Clean warehouse production tables","dependencyConditions":["Succeeded"]}],"policy":{"timeout":"0.12:00:00","retry":0,"retryIntervalInSeconds":30,"secureOutput":false,"secureInput":false},"typeProperties":{"storedProcedureName":"study_space_missions_db.usp_end_sub_run","database":"control_db","storedProcedureParameters":{"run_id":{"value":{"value":"@pipeline().parameters.in_parameter_run_id","type":"Expression"},"type":"Int32"},"layer":{"value":"CLEANING","type":"String"},"end_count":{"value":"0","type":"Int32"}}},"externalReferences":{"connection":"[parameters('azuresqlserver_control_db')]"}},{"name":"Clean warehouse production tables","type":"SqlServerStoredProcedure","dependsOn":[{"activity":"Initial load preparation","dependencyConditions":["Succeeded"]}],"policy":{"timeout":"0.12:00:00","retry":0,"retryIntervalInSeconds":30,"secureOutput":false,"secureInput":false},"typeProperties":{"storedProcedureName":"production.usp_clean_tables"},"connectionSettings":{"name":"warehouse_main","properties":{"annotations":[],"type":"DataWarehouse","typeProperties":{"endpoint":"j3u3dnllawnebjrv5siuxwwqsa-ptfqdopik7qe7dgzrzbipa45ga.datawarehouse.fabric.microsoft.com","artifactId":"[parameters('warehouse_main')]","workspaceId":"b901cb7c-57e8-4fe0-8cd9-8e4287839d30"},"externalReferences":{"connection":"5450ab17-c9ea-42d8-91cc-e97a8f963b9d"}}}},{"name":"Load initial gold warehouse","type":"InvokePipeline","dependsOn":[{"activity":"ETL medallion initial process","dependencyConditions":["Succeeded"]}],"policy":{"timeout":"0.12:00:00","retry":0,"retryIntervalInSeconds":30,"secureOutput":false,"secureInput":false},"typeProperties":{"waitOnCompletion":true,"operationType":"InvokeFabricPipeline","pipelineId":"7101e835-59d4-4058-85c2-6bee58c2351f","workspaceId":"b901cb7c-57e8-4fe0-8cd9-8e4287839d30","parameters":{"in_parameter_run_id":{"value":"@pipeline().parameters.in_parameter_run_id","type":"Expression"},"in_parameter_process_date":{"value":"@substring(pipeline().parameters.in_parameter_process_date, 0, 10)","type":"Expression"}}},"externalReferences":{"connection":"[parameters('FabricDataPipelines user1')]"}}]}},{"name":"Copy to archive","type":"Copy","dependsOn":[{"activity":"Is initial","dependencyConditions":["Succeeded"]}],"policy":{"timeout":"0.12:00:00","retry":0,"retryIntervalInSeconds":30,"secureOutput":false,"secureInput":false},"typeProperties":{"source":{"type":"DelimitedTextSource","storeSettings":{"type":"LakehouseReadSettings","recursive":true,"wildcardFolderPath":{"value":"@pipeline().parameters.in_parameter_path_destination","type":"Expression"},"wildcardFileName":"*.csv","enablePartitionDiscovery":false},"formatSettings":{"type":"DelimitedTextReadSettings"},"datasetSettings":{"annotations":[],"connectionSettings":{"name":"lakehouse_main","properties":{"annotations":[],"type":"Lakehouse","typeProperties":{"workspaceId":"b901cb7c-57e8-4fe0-8cd9-8e4287839d30","artifactId":"[parameters('lakehouse_main')]","rootFolder":"Files"},"externalReferences":{"connection":"0e6fa2f8-b708-442b-ae5b-dc5596b1a920"}}},"type":"DelimitedText","typeProperties":{"location":{"type":"LakehouseLocation"},"columnDelimiter":",","escapeChar":"\\","firstRowAsHeader":true,"quoteChar":"\""},"schema":[]}},"sink":{"type":"ParquetSink","storeSettings":{"type":"LakehouseWriteSettings","copyBehavior":"MergeFiles"},"formatSettings":{"type":"ParquetWriteSettings","enableVertiParquet":true},"datasetSettings":{"annotations":[],"connectionSettings":{"name":"lakehouse_main","properties":{"annotations":[],"type":"Lakehouse","typeProperties":{"workspaceId":"b901cb7c-57e8-4fe0-8cd9-8e4287839d30","artifactId":"[parameters('lakehouse_main')]","rootFolder":"Files"},"externalReferences":{"connection":"0e6fa2f8-b708-442b-ae5b-dc5596b1a920"}}},"type":"Parquet","typeProperties":{"location":{"type":"LakehouseLocation","fileName":{"value":"@concat(replace(replace(pipeline().parameters.in_parameter_process_date, ' ', '-'), ':', '-'), '.parquet')","type":"Expression"},"folderPath":{"value":"@pipeline().parameters.in_parameter_path_archive","type":"Expression"}},"compressionCodec":"snappy"},"schema":[]}},"enableStaging":false,"translator":{"type":"TabularTranslator","typeConversion":true,"typeConversionSettings":{"allowDataTruncation":true,"treatBooleanAsNumber":false}}}},{"name":"Delete raw files","type":"Delete","dependsOn":[{"activity":"Copy to archive","dependencyConditions":["Succeeded"]}],"policy":{"timeout":"0.12:00:00","retry":0,"retryIntervalInSeconds":30,"secureOutput":false,"secureInput":false},"typeProperties":{"datasetSettings":{"annotations":[],"connectionSettings":{"name":"lakehouse_main","properties":{"annotations":[],"type":"Lakehouse","typeProperties":{"workspaceId":"b901cb7c-57e8-4fe0-8cd9-8e4287839d30","artifactId":"[parameters('lakehouse_main')]","rootFolder":"Files"},"externalReferences":{"connection":"0e6fa2f8-b708-442b-ae5b-dc5596b1a920"}}},"type":"Binary","typeProperties":{"location":{"type":"LakehouseLocation","folderPath":{"value":"@concat(pipeline().parameters.in_parameter_path_destination, '/.*csv')","type":"Expression"}}}},"enableLogging":false,"storeSettings":{"type":"LakehouseReadSettings","recursive":true,"enablePartitionDiscovery":false}}},{"name":"Load validation rules","type":"Copy","dependsOn":[{"activity":"Get list of files","dependencyConditions":["Succeeded"]}],"policy":{"timeout":"0.12:00:00","retry":0,"retryIntervalInSeconds":30,"secureOutput":false,"secureInput":false},"typeProperties":{"source":{"type":"SqlServerSource","queryTimeout":"02:00:00","partitionOption":"None","datasetSettings":{"annotations":[],"type":"SqlServerTable","schema":[],"typeProperties":{"schema":"study_space_missions_db","table":"validation_rules","database":"control_db"},"externalReferences":{"connection":"[parameters('azuresqlserver_control_db')]"}}},"sink":{"type":"LakehouseTableSink","tableActionOption":"OverwriteSchema","partitionOption":"None","applyVOrder":true,"datasetSettings":{"annotations":[],"connectionSettings":{"name":"lakehouse_main","properties":{"annotations":[],"type":"Lakehouse","typeProperties":{"workspaceId":"b901cb7c-57e8-4fe0-8cd9-8e4287839d30","artifactId":"[parameters('lakehouse_main')]","rootFolder":"Tables"},"externalReferences":{"connection":"0e6fa2f8-b708-442b-ae5b-dc5596b1a920"}}},"type":"LakehouseTable","schema":[],"typeProperties":{"schema":"control","table":"validation_rules"}}},"enableStaging":false,"translator":{"type":"TabularTranslator","mappings":[{"source":{"name":"schema_name","type":"String","physicalType":"varchar","length":"20"},"sink":{"name":"schema_name","physicalType":"string"}},{"source":{"name":"table_name","type":"String","physicalType":"varchar","length":"20"},"sink":{"name":"table_name","physicalType":"string"}},{"source":{"name":"column_order","type":"Int16","physicalType":"smallint"},"sink":{"name":"column_order","physicalType":"short"}},{"source":{"name":"column_name_original","type":"String","physicalType":"varchar","length":"20"},"sink":{"name":"column_name_original","physicalType":"string"}},{"source":{"name":"column_name_new","type":"String","physicalType":"varchar","length":"20"},"sink":{"name":"column_name_new","physicalType":"string"}},{"source":{"name":"column_type","type":"String","physicalType":"varchar","length":"20"},"sink":{"name":"column_type","physicalType":"string"}},{"source":{"name":"column_size","type":"Int16","physicalType":"smallint"},"sink":{"name":"column_size","physicalType":"short"}},{"source":{"name":"column_size_scale","type":"Int16","physicalType":"smallint"},"sink":{"name":"column_size_scale","physicalType":"short"}},{"source":{"name":"default_value","type":"String","physicalType":"varchar","length":"50"},"sink":{"name":"default_value","physicalType":"string"}},{"source":{"name":"is_from_file","type":"Boolean","physicalType":"bit"},"sink":{"name":"is_from_file","physicalType":"boolean"}},{"source":{"name":"is_active","type":"Boolean","physicalType":"bit"},"sink":{"name":"is_active","physicalType":"boolean"}}],"typeConversion":true,"typeConversionSettings":{"allowDataTruncation":true,"treatBooleanAsNumber":false}}}}],"parameters":{"in_parameter_path_source":{"type":"string"},"in_parameter_path_destination":{"type":"string"},"in_parameter_is_initial":{"type":"bool"},"in_parameter_run_id":{"type":"int"},"in_parameter_process_date":{"type":"string"},"in_parameter_path_archive":{"type":"string"}},"lastModifiedByObjectId":"6c3a777b-e7a5-4045-9fd9-ef279f885972","lastPublishTime":"2025-12-05T17:20:13Z"},"dependsOn":[]},{"name":"03_pl_etl_medallion","type":"pipelines","apiVersion":"2018-06-01","properties":{"activities":[{"name":"Notebook silver layer","type":"TridentNotebook","dependsOn":[{"activity":"Start sub process silver","dependencyConditions":["Succeeded"]}],"policy":{"timeout":"0.12:00:00","retry":0,"retryIntervalInSeconds":30,"secureOutput":false,"secureInput":false},"typeProperties":{"notebookId":"5bee08cf-70f4-4bee-a534-652b131dc14d","workspaceId":"b901cb7c-57e8-4fe0-8cd9-8e4287839d30","parameters":{"in_parameter_id_run":{"value":{"value":"@pipeline().parameters.in_parameter_run_id","type":"Expression"},"type":"int"},"in_parameter_process_date":{"value":{"value":"@pipeline().parameters.in_parameter_process_date","type":"Expression"},"type":"string"},"out_parameter_count_processed":{"value":"","type":"int"}}}},{"name":"Notebook bronze layer","type":"TridentNotebook","dependsOn":[{"activity":"Notebook pre bronze layer","dependencyConditions":["Succeeded"]}],"policy":{"timeout":"0.12:00:00","retry":0,"retryIntervalInSeconds":30,"secureOutput":false,"secureInput":false},"typeProperties":{"notebookId":"48ebdc3c-02ad-42ec-80fa-1d04c7c079a4","workspaceId":"b901cb7c-57e8-4fe0-8cd9-8e4287839d30","parameters":{"in_parameter_id_run":{"value":{"value":"@pipeline().parameters.in_parameter_run_id","type":"Expression"},"type":"int"},"in_parameter_process_date":{"value":{"value":"@pipeline().parameters.in_parameter_process_date","type":"Expression"},"type":"string"},"out_parameter_count_processed":{"type":"int"}}}},{"name":"Start sub process bronze","type":"SqlServerStoredProcedure","dependsOn":[],"policy":{"timeout":"0.12:00:00","retry":0,"retryIntervalInSeconds":30,"secureOutput":false,"secureInput":false},"typeProperties":{"storedProcedureName":"study_space_missions_db.usp_start_sub_run","database":"control_db","storedProcedureParameters":{"run_id":{"value":{"value":"@pipeline().parameters.in_parameter_run_id","type":"Expression"},"type":"Int32"},"layer":{"value":"BRONZE","type":"String"},"start_count":{"value":"0","type":"Int32"}}},"externalReferences":{"connection":"[parameters('azuresqlserver_control_db')]"}},{"name":"End sub process bronze","type":"SqlServerStoredProcedure","dependsOn":[{"activity":"Set count processed bronze","dependencyConditions":["Succeeded"]}],"policy":{"timeout":"0.12:00:00","retry":0,"retryIntervalInSeconds":30,"secureOutput":false,"secureInput":false},"typeProperties":{"storedProcedureName":"study_space_missions_db.usp_end_sub_run","database":"control_db","storedProcedureParameters":{"run_id":{"value":{"value":"@pipeline().parameters.in_parameter_run_id","type":"Expression"},"type":"Int32"},"layer":{"value":"BRONZE","type":"String"},"end_count":{"value":{"value":"@variables('v_count_processed_bronze')","type":"Expression"},"type":"Int32"}}},"externalReferences":{"connection":"[parameters('azuresqlserver_control_db')]"}},{"name":"Set count processed bronze","type":"SetVariable","dependsOn":[{"activity":"Notebook bronze layer","dependencyConditions":["Succeeded"]}],"policy":{"secureOutput":false,"secureInput":false},"typeProperties":{"variableName":"v_count_processed_bronze","value":{"value":"@int(activity('Notebook bronze layer').output.result.exitValue)","type":"Expression"}}},{"name":"Start sub process silver","type":"SqlServerStoredProcedure","dependsOn":[{"activity":"End sub process bronze","dependencyConditions":["Succeeded"]}],"policy":{"timeout":"0.12:00:00","retry":0,"retryIntervalInSeconds":30,"secureOutput":false,"secureInput":false},"typeProperties":{"storedProcedureName":"study_space_missions_db.usp_start_sub_run","database":"control_db","storedProcedureParameters":{"run_id":{"value":{"value":"@pipeline().parameters.in_parameter_run_id","type":"Expression"},"type":"Int32"},"layer":{"value":"SILVER","type":"String"},"start_count":{"value":"0","type":"Int32"}}},"externalReferences":{"connection":"[parameters('azuresqlserver_control_db')]"}},{"name":"Set count processed silver","type":"SetVariable","dependsOn":[{"activity":"Load logs back SQL Database","dependencyConditions":["Succeeded"]}],"policy":{"secureOutput":false,"secureInput":false},"typeProperties":{"variableName":"v_count_processed_silver","value":{"value":"@int(activity('Notebook silver layer').output.result.exitValue)","type":"Expression"}}},{"name":"End sub process silver","type":"SqlServerStoredProcedure","dependsOn":[{"activity":"Set count processed silver","dependencyConditions":["Succeeded"]}],"policy":{"timeout":"0.12:00:00","retry":0,"retryIntervalInSeconds":30,"secureOutput":false,"secureInput":false},"typeProperties":{"storedProcedureName":"study_space_missions_db.usp_end_sub_run","database":"control_db","storedProcedureParameters":{"run_id":{"value":{"value":"@pipeline().parameters.in_parameter_run_id","type":"Expression"},"type":"Int32"},"layer":{"value":"SILVER","type":"String"},"end_count":{"value":{"value":"@variables('v_count_processed_silver')","type":"Expression"},"type":"Int32"}}},"externalReferences":{"connection":"[parameters('azuresqlserver_control_db')]"}},{"name":"Load logs back SQL Database","type":"Copy","dependsOn":[{"activity":"Notebook silver layer","dependencyConditions":["Succeeded"]}],"policy":{"timeout":"0.12:00:00","retry":0,"retryIntervalInSeconds":30,"secureOutput":false,"secureInput":false},"typeProperties":{"source":{"type":"LakehouseTableSource","datasetSettings":{"annotations":[],"connectionSettings":{"name":"lakehouse_main","properties":{"annotations":[],"type":"Lakehouse","typeProperties":{"workspaceId":"b901cb7c-57e8-4fe0-8cd9-8e4287839d30","artifactId":"[parameters('lakehouse_main')]","rootFolder":"Tables"},"externalReferences":{"connection":"0e6fa2f8-b708-442b-ae5b-dc5596b1a920"}}},"type":"LakehouseTable","schema":[],"typeProperties":{"schema":"control","table":"logs"}}},"sink":{"type":"AzureSqlSink","writeBehavior":"insert","sqlWriterUseTableLock":false,"datasetSettings":{"annotations":[],"type":"AzureSqlTable","schema":[],"typeProperties":{"schema":"study_space_missions_db","table":"logs","database":"control_db"},"externalReferences":{"connection":"[parameters('azuresqlserver_control_db')]"}}},"enableStaging":false,"translator":{"type":"TabularTranslator","mappings":[{"source":{"name":"run_id","type":"Int32","physicalType":"integer"},"sink":{"name":"run_id","physicalType":"int"}},{"source":{"name":"code","type":"String","physicalType":"string"},"sink":{"name":"code","physicalType":"char","length":"2"}},{"source":{"name":"description","type":"String","physicalType":"string"},"sink":{"name":"description","physicalType":"varchar","length":"200"}}],"typeConversion":true,"typeConversionSettings":{"allowDataTruncation":true,"treatBooleanAsNumber":false}}}},{"name":"Notebook pre bronze layer","type":"TridentNotebook","dependsOn":[{"activity":"Start sub process bronze","dependencyConditions":["Succeeded"]}],"policy":{"timeout":"0.12:00:00","retry":0,"retryIntervalInSeconds":30,"secureOutput":false,"secureInput":false},"typeProperties":{"notebookId":"48ebdc3c-02ad-42ec-80fa-1d04c7c079a4","workspaceId":"b901cb7c-57e8-4fe0-8cd9-8e4287839d30","parameters":{"in_parameter_id_run":{"value":{"value":"@pipeline().parameters.in_parameter_run_id","type":"Expression"},"type":"int"},"in_parameter_process_date":{"value":{"value":"@pipeline().parameters.in_parameter_process_date","type":"Expression"},"type":"string"}}}}],"parameters":{"in_parameter_run_id":{"type":"int"},"in_parameter_process_date":{"type":"string"}},"variables":{"v_count_processed_bronze":{"type":"Integer"},"v_count_processed_silver":{"type":"Integer"}},"lastModifiedByObjectId":"6c3a777b-e7a5-4045-9fd9-ef279f885972","lastPublishTime":"2025-12-05T12:54:03Z"},"dependsOn":[]},{"name":"04_pl_gold_warehouse","type":"pipelines","apiVersion":"2018-06-01","properties":{"activities":[{"name":"Clean staging tables","type":"SqlServerStoredProcedure","dependsOn":[{"activity":"Start sub process warehouse","dependencyConditions":["Succeeded"]}],"policy":{"timeout":"0.12:00:00","retry":0,"retryIntervalInSeconds":30,"secureOutput":false,"secureInput":false},"typeProperties":{"storedProcedureName":"[[staging].[usp_clean_tables]"},"connectionSettings":{"name":"warehouse_main","properties":{"annotations":[],"type":"DataWarehouse","typeProperties":{"endpoint":"j3u3dnllawnebjrv5siuxwwqsa-ptfqdopik7qe7dgzrzbipa45ga.datawarehouse.fabric.microsoft.com","artifactId":"[parameters('warehouse_main')]","workspaceId":"b901cb7c-57e8-4fe0-8cd9-8e4287839d30"},"externalReferences":{"connection":"5450ab17-c9ea-42d8-91cc-e97a8f963b9d"}}}},{"name":"Load staging fact_missions","type":"SqlServerStoredProcedure","dependsOn":[{"activity":"Clean staging tables","dependencyConditions":["Succeeded"]}],"policy":{"timeout":"0.12:00:00","retry":0,"retryIntervalInSeconds":30,"secureOutput":false,"secureInput":false},"typeProperties":{"storedProcedureName":"staging.usp_load_fact_missions","storedProcedureParameters":{"process_date":{"value":{"value":"@pipeline().parameters.in_parameter_process_date","type":"Expression"},"type":"DateTime"},"run_id":{"value":{"value":"@pipeline().parameters.in_parameter_run_id","type":"Expression"},"type":"Int32"}}},"connectionSettings":{"name":"warehouse_main","properties":{"annotations":[],"type":"DataWarehouse","typeProperties":{"endpoint":"j3u3dnllawnebjrv5siuxwwqsa-ptfqdopik7qe7dgzrzbipa45ga.datawarehouse.fabric.microsoft.com","artifactId":"[parameters('warehouse_main')]","workspaceId":"b901cb7c-57e8-4fe0-8cd9-8e4287839d30"},"externalReferences":{"connection":"5450ab17-c9ea-42d8-91cc-e97a8f963b9d"}}}},{"name":"Load production fact_missions","type":"SqlServerStoredProcedure","dependsOn":[{"activity":"Load staging fact_missions","dependencyConditions":["Succeeded"]}],"policy":{"timeout":"0.12:00:00","retry":0,"retryIntervalInSeconds":30,"secureOutput":false,"secureInput":false},"typeProperties":{"storedProcedureName":"production.usp_load_fact_missions"},"connectionSettings":{"name":"warehouse_main","properties":{"annotations":[],"type":"DataWarehouse","typeProperties":{"endpoint":"j3u3dnllawnebjrv5siuxwwqsa-ptfqdopik7qe7dgzrzbipa45ga.datawarehouse.fabric.microsoft.com","artifactId":"[parameters('warehouse_main')]","workspaceId":"b901cb7c-57e8-4fe0-8cd9-8e4287839d30"},"externalReferences":{"connection":"5450ab17-c9ea-42d8-91cc-e97a8f963b9d"}}}},{"name":"Start sub process warehouse","type":"SqlServerStoredProcedure","dependsOn":[],"policy":{"timeout":"0.12:00:00","retry":0,"retryIntervalInSeconds":30,"secureOutput":false,"secureInput":false},"typeProperties":{"storedProcedureName":"study_space_missions_db.usp_start_sub_run","database":"control_db","storedProcedureParameters":{"run_id":{"value":{"value":"@pipeline().parameters.in_parameter_run_id","type":"Expression"},"type":"Int32"},"layer":{"value":"WAREHOUSE","type":"String"},"start_count":{"value":"0","type":"Int32"}}},"externalReferences":{"connection":"[parameters('azuresqlserver_control_db')]"}},{"name":"End sub process warehouse","type":"SqlServerStoredProcedure","dependsOn":[{"activity":"Load production fact_missions","dependencyConditions":["Succeeded"]}],"policy":{"timeout":"0.12:00:00","retry":0,"retryIntervalInSeconds":30,"secureOutput":false,"secureInput":false},"typeProperties":{"storedProcedureName":"study_space_missions_db.usp_end_sub_run","database":"control_db","storedProcedureParameters":{"run_id":{"value":{"value":"@pipeline().parameters.in_parameter_run_id","type":"Expression"},"type":"Int32"},"layer":{"value":"WAREHOUSE","type":"String"},"start_count":{"value":"0","type":"Int32"}}},"externalReferences":{"connection":"[parameters('azuresqlserver_control_db')]"}}],"parameters":{"in_parameter_run_id":{"type":"int"},"in_parameter_process_date":{"type":"string"}},"lastModifiedByObjectId":"6c3a777b-e7a5-4045-9fd9-ef279f885972","lastPublishTime":"2025-12-05T15:16:12Z"},"dependsOn":[]}]}