{"$schema":"http://schema.management.azure.com/schemas/2015-01-01/deploymentTemplate.json#","contentVersion":"1.0.0.0","parameters":{"azuresqlserver_control_db":{"type":"string"},"lakehouse_main":{"type":"string"}},"variables":{},"resources":[{"name":"03_pl_etl_silver_fact_table","type":"pipelines","apiVersion":"2018-06-01","properties":{"activities":[{"name":"Get year partitions","type":"Lookup","dependsOn":[],"policy":{"timeout":"0.12:00:00","retry":0,"retryIntervalInSeconds":30,"secureOutput":false,"secureInput":false},"typeProperties":{"source":{"type":"AzureSqlSource","sqlReaderStoredProcedureName":"dbo.usp_list_years_fact_table_to_process","storedProcedureParameters":{"table_id":{"type":"Int32","value":{"value":"@pipeline().parameters.in_parameter_table_id","type":"Expression"}}},"queryTimeout":"02:00:00","partitionOption":"None"},"firstRowOnly":false,"datasetSettings":{"annotations":[],"type":"AzureSqlTable","schema":[],"typeProperties":{"database":"control_db"},"externalReferences":{"connection":"[parameters('azuresqlserver_control_db')]"}}}},{"name":"ForEach partition","type":"ForEach","dependsOn":[{"activity":"Get year partitions","dependencyConditions":["Succeeded"]}],"typeProperties":{"items":{"value":"@activity('Get year partitions').output.value","type":"Expression"},"isSequential":true,"activities":[{"name":"Start sub process","type":"SqlServerStoredProcedure","dependsOn":[{"activity":"Get start count rows","dependencyConditions":["Succeeded"]}],"policy":{"timeout":"0.12:00:00","retry":0,"retryIntervalInSeconds":30,"secureOutput":false,"secureInput":false},"typeProperties":{"storedProcedureName":"dbo.usp_start_sub_run","database":"control_db","storedProcedureParameters":{"run_id":{"value":{"value":"@pipeline().parameters.in_parameter_run_id","type":"Expression"},"type":"Int32"},"layer":{"value":{"value":"@concat('SILVER FACT DATA - ', pipeline().parameters.in_parameter_table_name, ' - YEAR: ', string(item().year))","type":"Expression"},"type":"String"},"start_count":{"value":{"value":"@activity('Get start count rows').output.firstRow.start_count","type":"Expression"},"type":"Int32"}}},"externalReferences":{"connection":"[parameters('azuresqlserver_control_db')]"}},{"name":"End sub process","type":"SqlServerStoredProcedure","dependsOn":[{"activity":"Notebook silver layer","dependencyConditions":["Succeeded"]}],"policy":{"timeout":"0.12:00:00","retry":0,"retryIntervalInSeconds":30,"secureOutput":false,"secureInput":false},"typeProperties":{"storedProcedureName":"dbo.usp_end_sub_run","database":"control_db","storedProcedureParameters":{"run_id":{"value":{"value":"@pipeline().parameters.in_parameter_run_id","type":"Expression"},"type":"Int32"},"layer":{"value":{"value":"@concat('SILVER FACT DATA - ', pipeline().parameters.in_parameter_table_name, ' - YEAR: ', string(item().year))","type":"Expression"},"type":"String"},"end_count":{"value":{"value":"@int(activity('Notebook silver layer').output.result.exitValue)","type":"Expression"},"type":"Int32"}}},"externalReferences":{"connection":"[parameters('azuresqlserver_control_db')]"}},{"name":"Notebook silver layer","type":"TridentNotebook","dependsOn":[{"activity":"Start sub process","dependencyConditions":["Succeeded"]}],"policy":{"timeout":"0.12:00:00","retry":0,"retryIntervalInSeconds":30,"secureOutput":false,"secureInput":false},"typeProperties":{"notebookId":"b16945c1-439c-4b93-a77e-106874b3acfa","workspaceId":"c79d588e-f4a9-449a-b165-11944c320e41","parameters":{"in_parameter_run_id":{"value":{"value":"@pipeline().parameters.in_parameter_run_id","type":"Expression"},"type":"int"},"in_parameter_process_date":{"value":{"value":"@pipeline().parameters.in_parameter_process_date","type":"Expression"},"type":"string"},"in_parameter_table_name":{"value":{"value":"@pipeline().parameters.in_parameter_table_name","type":"Expression"},"type":"string"},"in_parameter_is_fact_table":{"value":true,"type":"bool"},"in_parameter_year":{"value":{"value":"@item().year","type":"Expression"},"type":"int"}}}},{"name":"Get start count rows","type":"Lookup","dependsOn":[],"policy":{"timeout":"0.12:00:00","retry":0,"retryIntervalInSeconds":30,"secureOutput":false,"secureInput":false},"typeProperties":{"source":{"type":"LakehouseTableSource","sqlReaderQuery":{"value":"@concat('SELECT COUNT(1) AS start_count FROM lakehouse_main.bronze.', pipeline().parameters.in_parameter_table_name, ' WHERE year = ', string(item().year))","type":"Expression"},"partitionOption":"None"},"datasetSettings":{"annotations":[],"connectionSettings":{"name":"lakehouse_main","properties":{"annotations":[],"type":"Lakehouse","typeProperties":{"workspaceId":"c79d588e-f4a9-449a-b165-11944c320e41","artifactId":"[parameters('lakehouse_main')]","rootFolder":"Tables"},"externalReferences":{"connection":"0e6fa2f8-b708-442b-ae5b-dc5596b1a920"}}},"type":"LakehouseTable","schema":[],"typeProperties":{}}}}]}}],"parameters":{"in_parameter_run_id":{"type":"int"},"in_parameter_process_date":{"type":"string"},"in_parameter_table_name":{"type":"string"},"in_parameter_table_id":{"type":"int"}},"lastModifiedByObjectId":"6c3a777b-e7a5-4045-9fd9-ef279f885972","lastPublishTime":"2026-01-05T17:09:23Z"},"dependsOn":[]}]}