{
    "name": "mssql_on_premise",
    "properties": {
        "parameters": {
            "pr_in_database": {
                "type": "string",
                "defaultValue": "master"
            }
        },
        "annotations": [],
        "type": "SqlServer",
        "typeProperties": {
            "server": "WILDER-LOQ",
            "database": "@{linkedService().pr_in_database}",
            "encrypt": "mandatory",
            "trustServerCertificate": true,
            "authenticationType": "SQL",
            "userName": "WilderSQL",
            "password": {
                "type": "AzureKeyVaultSecret",
                "store": {
                    "referenceName": "keyvault_projects",
                    "type": "LinkedServiceReference"
                },
                "secretName": "on-premise-user-WilderSQL"
            }
        },
        "connectVia": {
            "referenceName": "OnPremiseRuntime",
            "type": "IntegrationRuntimeReference"
        }
    },
    "type": "Microsoft.Synapse/workspaces/linkedservices"
}