{"$schema":"http://schema.management.azure.com/schemas/2015-01-01/deploymentTemplate.json#","contentVersion":"1.0.0.0","parameters":{"azuresqlserver_control_db":{"type":"string"},"lakehouse_main":{"type":"string"}},"variables":{},"resources":[{"name":"03_pl_etl_medallion","type":"pipelines","apiVersion":"2018-06-01","properties":{"activities":[{"name":"Notebook silver layer","type":"TridentNotebook","dependsOn":[{"activity":"Start sub process silver","dependencyConditions":["Succeeded"]}],"policy":{"timeout":"0.12:00:00","retry":0,"retryIntervalInSeconds":30,"secureOutput":false,"secureInput":false},"typeProperties":{"notebookId":"5bee08cf-70f4-4bee-a534-652b131dc14d","workspaceId":"b901cb7c-57e8-4fe0-8cd9-8e4287839d30","parameters":{"in_parameter_id_run":{"value":{"value":"@pipeline().parameters.in_parameter_run_id","type":"Expression"},"type":"int"},"in_parameter_process_date":{"value":{"value":"@pipeline().parameters.in_parameter_process_date","type":"Expression"},"type":"string"},"out_parameter_count_processed":{"value":"","type":"int"}}}},{"name":"Notebook bronze layer","type":"TridentNotebook","dependsOn":[{"activity":"Notebook pre bronze layer","dependencyConditions":["Succeeded"]}],"policy":{"timeout":"0.12:00:00","retry":0,"retryIntervalInSeconds":30,"secureOutput":false,"secureInput":false},"typeProperties":{"notebookId":"48ebdc3c-02ad-42ec-80fa-1d04c7c079a4","workspaceId":"b901cb7c-57e8-4fe0-8cd9-8e4287839d30","parameters":{"in_parameter_id_run":{"value":{"value":"@pipeline().parameters.in_parameter_run_id","type":"Expression"},"type":"int"},"in_parameter_process_date":{"value":{"value":"@pipeline().parameters.in_parameter_process_date","type":"Expression"},"type":"string"},"out_parameter_count_processed":{"type":"int"}}}},{"name":"Start sub process bronze","type":"SqlServerStoredProcedure","dependsOn":[],"policy":{"timeout":"0.12:00:00","retry":0,"retryIntervalInSeconds":30,"secureOutput":false,"secureInput":false},"typeProperties":{"storedProcedureName":"study_space_missions_db.usp_start_sub_run","database":"control_db","storedProcedureParameters":{"run_id":{"value":{"value":"@pipeline().parameters.in_parameter_run_id","type":"Expression"},"type":"Int32"},"layer":{"value":"BRONZE","type":"String"},"start_count":{"value":"0","type":"Int32"}}},"externalReferences":{"connection":"[parameters('azuresqlserver_control_db')]"}},{"name":"End sub process bronze","type":"SqlServerStoredProcedure","dependsOn":[{"activity":"Set count processed bronze","dependencyConditions":["Succeeded"]}],"policy":{"timeout":"0.12:00:00","retry":0,"retryIntervalInSeconds":30,"secureOutput":false,"secureInput":false},"typeProperties":{"storedProcedureName":"study_space_missions_db.usp_end_sub_run","database":"control_db","storedProcedureParameters":{"run_id":{"value":{"value":"@pipeline().parameters.in_parameter_run_id","type":"Expression"},"type":"Int32"},"layer":{"value":"BRONZE","type":"String"},"end_count":{"value":{"value":"@variables('v_count_processed_bronze')","type":"Expression"},"type":"Int32"}}},"externalReferences":{"connection":"[parameters('azuresqlserver_control_db')]"}},{"name":"Set count processed bronze","type":"SetVariable","dependsOn":[{"activity":"Notebook bronze layer","dependencyConditions":["Succeeded"]}],"policy":{"secureOutput":false,"secureInput":false},"typeProperties":{"variableName":"v_count_processed_bronze","value":{"value":"@int(activity('Notebook bronze layer').output.result.exitValue)","type":"Expression"}}},{"name":"Start sub process silver","type":"SqlServerStoredProcedure","dependsOn":[{"activity":"End sub process bronze","dependencyConditions":["Succeeded"]}],"policy":{"timeout":"0.12:00:00","retry":0,"retryIntervalInSeconds":30,"secureOutput":false,"secureInput":false},"typeProperties":{"storedProcedureName":"study_space_missions_db.usp_start_sub_run","database":"control_db","storedProcedureParameters":{"run_id":{"value":{"value":"@pipeline().parameters.in_parameter_run_id","type":"Expression"},"type":"Int32"},"layer":{"value":"SILVER","type":"String"},"start_count":{"value":{"value":"@variables('v_count_processed_bronze')","type":"Expression"},"type":"Int32"}}},"externalReferences":{"connection":"[parameters('azuresqlserver_control_db')]"}},{"name":"Set count processed silver","type":"SetVariable","dependsOn":[{"activity":"Load logs back SQL Database","dependencyConditions":["Succeeded"]}],"policy":{"secureOutput":false,"secureInput":false},"typeProperties":{"variableName":"v_count_processed_silver","value":{"value":"@int(activity('Notebook silver layer').output.result.exitValue)","type":"Expression"}}},{"name":"End sub process silver","type":"SqlServerStoredProcedure","dependsOn":[{"activity":"Set count processed silver","dependencyConditions":["Succeeded"]}],"policy":{"timeout":"0.12:00:00","retry":0,"retryIntervalInSeconds":30,"secureOutput":false,"secureInput":false},"typeProperties":{"storedProcedureName":"study_space_missions_db.usp_end_sub_run","database":"control_db","storedProcedureParameters":{"run_id":{"value":{"value":"@pipeline().parameters.in_parameter_run_id","type":"Expression"},"type":"Int32"},"layer":{"value":"SILVER","type":"String"},"end_count":{"value":{"value":"@variables('v_count_processed_silver')","type":"Expression"},"type":"Int32"}}},"externalReferences":{"connection":"[parameters('azuresqlserver_control_db')]"}},{"name":"Load logs back SQL Database","type":"Copy","dependsOn":[{"activity":"Notebook silver layer","dependencyConditions":["Succeeded"]}],"policy":{"timeout":"0.12:00:00","retry":0,"retryIntervalInSeconds":30,"secureOutput":false,"secureInput":false},"typeProperties":{"source":{"type":"LakehouseTableSource","datasetSettings":{"annotations":[],"connectionSettings":{"name":"lakehouse_main","properties":{"annotations":[],"type":"Lakehouse","typeProperties":{"workspaceId":"b901cb7c-57e8-4fe0-8cd9-8e4287839d30","artifactId":"[parameters('lakehouse_main')]","rootFolder":"Tables"},"externalReferences":{"connection":"0e6fa2f8-b708-442b-ae5b-dc5596b1a920"}}},"type":"LakehouseTable","schema":[],"typeProperties":{"schema":"control","table":"logs"}}},"sink":{"type":"AzureSqlSink","writeBehavior":"insert","sqlWriterUseTableLock":false,"datasetSettings":{"annotations":[],"type":"AzureSqlTable","schema":[],"typeProperties":{"schema":"study_space_missions_db","table":"logs","database":"control_db"},"externalReferences":{"connection":"[parameters('azuresqlserver_control_db')]"}}},"enableStaging":false,"translator":{"type":"TabularTranslator","mappings":[{"source":{"name":"run_id","type":"Int32","physicalType":"integer"},"sink":{"name":"run_id","physicalType":"int"}},{"source":{"name":"code","type":"String","physicalType":"string"},"sink":{"name":"code","physicalType":"char","length":"2"}},{"source":{"name":"description","type":"String","physicalType":"string"},"sink":{"name":"description","physicalType":"varchar","length":"200"}}],"typeConversion":true,"typeConversionSettings":{"allowDataTruncation":true,"treatBooleanAsNumber":false}}}},{"name":"Notebook pre bronze layer","type":"TridentNotebook","dependsOn":[{"activity":"Start sub process bronze","dependencyConditions":["Succeeded"]}],"policy":{"timeout":"0.12:00:00","retry":0,"retryIntervalInSeconds":30,"secureOutput":false,"secureInput":false},"typeProperties":{"notebookId":"e4bbc063-9b32-4650-b65e-eccfc639457e","workspaceId":"b901cb7c-57e8-4fe0-8cd9-8e4287839d30","parameters":{"in_parameter_id_run":{"value":{"value":"@pipeline().parameters.in_parameter_run_id","type":"Expression"},"type":"int"},"in_parameter_process_date":{"value":{"value":"@pipeline().parameters.in_parameter_process_date","type":"Expression"},"type":"string"}}}}],"parameters":{"in_parameter_run_id":{"type":"int"},"in_parameter_process_date":{"type":"string"}},"variables":{"v_count_processed_bronze":{"type":"Integer"},"v_count_processed_silver":{"type":"Integer"}},"lastModifiedByObjectId":"6c3a777b-e7a5-4045-9fd9-ef279f885972","lastPublishTime":"2025-12-05T21:29:51Z"},"dependsOn":[]}]}