{
    "now": "2026-01-17T00:03:56.649Z",
    "perfNow": 418888.80000000075,
    "diagnosticCorrelation": "a2218656-ee50-40ca-96bd-085697ad95e3",
    "source": "DownloadSupportFiles",
    "environment": {
        "productName": "a365",
        "buildVersion": "25.0820.06",
        "environmentType": 9,
        "resourceName": "ws-synapse-projects",
        "resourceRegion": "australiaeast",
        "resourceGroup": "rgprojects",
        "subscriptionId": "89cc4e52-939c-45d0-a638-39e059f9bef7",
        "sessionId": "cxzhiREyRrU+tjxhR9XqJv",
        "operationId": "BfC9s",
        "gitType": "live",
        "loggingKey": "4cc34166-c1f8-4e9f-a9cc-abcbbbfeed85"
    },
    "additionalInfo": {
        "selectedResource": "pl_AdventureWorksDW2022_extract_dim",
        "selectedResourceType": "pipeline"
    }
}