{
    "now": "2026-01-12T23:12:25.719Z",
    "perfNow": 4118577.199999988,
    "diagnosticCorrelation": "69495d73-1971-48ea-a576-827033feb1e2",
    "source": "DownloadSupportFiles",
    "environment": {
        "productName": "a365",
        "buildVersion": "25.0820.06",
        "environmentType": 9,
        "resourceName": "ws-synapse-projects",
        "resourceRegion": "australiaeast",
        "resourceGroup": "rgprojects",
        "subscriptionId": "89cc4e52-939c-45d0-a638-39e059f9bef7",
        "sessionId": "xJWi0NcFXcMNgU6Cv67xgZ",
        "operationId": "i9meX",
        "gitType": "live",
        "loggingKey": "2b80f63c-8753-4fe1-8211-40681da5e64d"
    },
    "additionalInfo": {
        "selectedResource": "pl_AdventureWorksDW2022_extract_dim",
        "selectedResourceType": "pipeline"
    }
}