{"$schema":"http://schema.management.azure.com/schemas/2015-01-01/deploymentTemplate.json#","contentVersion":"1.0.0.0","parameters":{"azuresqlserver_control_db":{"type":"string"},"warehouse_main":{"type":"string"}},"variables":{},"resources":[{"name":"05_pl_dw_production_fact_table","type":"pipelines","apiVersion":"2018-06-01","properties":{"activities":[{"name":"Get year partitions","type":"Lookup","dependsOn":[],"policy":{"timeout":"0.12:00:00","retry":0,"retryIntervalInSeconds":30,"secureOutput":false,"secureInput":false},"typeProperties":{"source":{"type":"AzureSqlSource","sqlReaderStoredProcedureName":"dbo.usp_list_years_fact_table_to_process","storedProcedureParameters":{"table_id":{"type":"Int32","value":{"value":"@pipeline().parameters.in_parameter_table_id","type":"Expression"}}},"queryTimeout":"02:00:00","partitionOption":"None"},"firstRowOnly":false,"datasetSettings":{"annotations":[],"type":"AzureSqlTable","schema":[],"typeProperties":{"database":"control_db"},"externalReferences":{"connection":"[parameters('azuresqlserver_control_db')]"}}}},{"name":"ForEach partition","type":"ForEach","dependsOn":[{"activity":"Get year partitions","dependencyConditions":["Succeeded"]}],"typeProperties":{"items":{"value":"@activity('Get year partitions').output.value","type":"Expression"},"isSequential":true,"activities":[{"name":"Start sub process","type":"SqlServerStoredProcedure","dependsOn":[{"activity":"Get start count rows","dependencyConditions":["Succeeded"]}],"policy":{"timeout":"0.12:00:00","retry":0,"retryIntervalInSeconds":30,"secureOutput":false,"secureInput":false},"typeProperties":{"storedProcedureName":"dbo.usp_start_sub_run","database":"control_db","storedProcedureParameters":{"run_id":{"value":{"value":"@pipeline().parameters.in_parameter_run_id","type":"Expression"},"type":"Int32"},"layer":{"value":{"value":"@concat('WS PRODUCTION FACT DATA - ', pipeline().parameters.in_parameter_table_name, ' - YEAR: ', string(item().year))","type":"Expression"},"type":"String"},"start_count":{"value":{"value":"@activity('Get start count rows').output.firstRow.start_count","type":"Expression"},"type":"Int32"}}},"externalReferences":{"connection":"[parameters('azuresqlserver_control_db')]"}},{"name":"End sub process","type":"SqlServerStoredProcedure","dependsOn":[{"activity":"Load production table","dependencyConditions":["Succeeded"]}],"policy":{"timeout":"0.12:00:00","retry":0,"retryIntervalInSeconds":30,"secureOutput":false,"secureInput":false},"typeProperties":{"storedProcedureName":"dbo.usp_end_sub_run","database":"control_db","storedProcedureParameters":{"run_id":{"value":{"value":"@pipeline().parameters.in_parameter_run_id","type":"Expression"},"type":"Int32"},"layer":{"value":{"value":"@concat('WS PRODUCTION FACT DATA - ', pipeline().parameters.in_parameter_table_name, ' - YEAR: ', string(item().year))","type":"Expression"},"type":"String"},"end_count":{"value":{"value":"@activity('Load production table').output.firstRow.end_count","type":"Expression"},"type":"Int32"}}},"externalReferences":{"connection":"[parameters('azuresqlserver_control_db')]"}},{"name":"Get start count rows","type":"Lookup","dependsOn":[],"policy":{"timeout":"0.12:00:00","retry":0,"retryIntervalInSeconds":30,"secureOutput":false,"secureInput":false},"typeProperties":{"source":{"type":"DataWarehouseSource","sqlReaderQuery":{"value":"@concat('SELECT COUNT(1) AS start_count FROM staging.', pipeline().parameters.in_parameter_table_name, ' WHERE year = ', string(item().year))","type":"Expression"},"queryTimeout":"02:00:00","partitionOption":"None"},"datasetSettings":{"annotations":[],"connectionSettings":{"name":"warehouse_main","properties":{"annotations":[],"type":"DataWarehouse","typeProperties":{"endpoint":"j3u3dnllawnebjrv5siuxwwqsa-rzmj3r5j6snejmlfcgkeymqoie.datawarehouse.fabric.microsoft.com","artifactId":"[parameters('warehouse_main')]","workspaceId":"c79d588e-f4a9-449a-b165-11944c320e41"},"externalReferences":{"connection":"5450ab17-c9ea-42d8-91cc-e97a8f963b9d"}}},"type":"DataWarehouseTable","schema":[],"typeProperties":{}}}},{"name":"Load production table","type":"Lookup","dependsOn":[{"activity":"Start sub process","dependencyConditions":["Succeeded"]}],"policy":{"timeout":"0.12:00:00","retry":0,"retryIntervalInSeconds":30,"secureOutput":false,"secureInput":false},"typeProperties":{"source":{"type":"DataWarehouseSource","sqlReaderStoredProcedureName":{"value":"@concat('production.usp_load_', pipeline().parameters.in_parameter_table_name)","type":"Expression"},"storedProcedureParameters":{"year":{"type":"Int32","value":{"value":"@item().year","type":"Expression"}}},"queryTimeout":"02:00:00","partitionOption":"None"},"datasetSettings":{"annotations":[],"connectionSettings":{"name":"warehouse_main","properties":{"annotations":[],"type":"DataWarehouse","typeProperties":{"endpoint":"j3u3dnllawnebjrv5siuxwwqsa-rzmj3r5j6snejmlfcgkeymqoie.datawarehouse.fabric.microsoft.com","artifactId":"[parameters('warehouse_main')]","workspaceId":"c79d588e-f4a9-449a-b165-11944c320e41"},"externalReferences":{"connection":"5450ab17-c9ea-42d8-91cc-e97a8f963b9d"}}},"type":"DataWarehouseTable","schema":[],"typeProperties":{}}}}]}}],"parameters":{"in_parameter_run_id":{"type":"int"},"in_parameter_table_name":{"type":"string"},"in_parameter_table_id":{"type":"int"}},"lastModifiedByObjectId":"6c3a777b-e7a5-4045-9fd9-ef279f885972","lastPublishTime":"2026-01-06T16:24:17Z"},"dependsOn":[]}]}